True_Labels,Predictions,microarray_signals:
0,0.2117583,-0.16514264
0,0.15658267,0.58353007
1,0.694828,1.5007849
0,0.838219,-0.81512344
1,0.99325633,-2.2002208
0,0.9727024,7.273536
0,0.8568055,1.1803223
1,0.9467385,-0.473063
1,0.9792834,3.3540843
1,0.9612179,-0.773937
1,0.96996045,6.3352594
0,0.28083864,-0.12175092
1,0.831368,1.2030153
1,0.89701295,-1.0036255
1,0.99862677,-1.6398758
1,0.86302024,-0.70066375
1,0.9817161,-1.7833078
1,0.90206885,-0.57318383
1,0.95588607,-0.46765804
1,0.97338855,11.278043
1,0.97474635,-2.1599581
1,0.96622354,-1.7689776
0,0.4683373,-0.69503117
0,0.81031203,1.5079018
0,0.9240253,-0.7849776
1,0.9673434,-1.6488444
1,0.948439,-1.3135664
0,0.37274945,-0.26382306
1,0.92904776,-1.2574059
1,0.76594573,-0.042580906
1,0.20145406,0.14906536
1,0.8108491,1.2822651
1,0.565617,-0.31751662
1,0.7459127,0.72557807
1,0.93218064,-1.9514307
0,0.80184233,-0.25690702
1,0.9665961,2.0336227
0,0.24149993,-0.009603962
1,0.8917152,-0.029434634
1,0.82645655,-1.2458024
1,0.7280456,1.9540375
1,0.9279299,4.5823812
0,0.87116456,2.9521837
0,0.97403395,2.5451813
0,0.9507204,4.231806
1,0.8084177,-0.21717685
1,0.9492012,0.7175621
0,0.79216576,-0.7509046
1,0.6573544,-0.61091435
0,0.8594732,1.3038124
0,0.53343695,-1.0229335
0,0.90526396,-1.2096682
1,0.9348018,2.721376
1,0.99321604,-1.9121078
0,0.9142592,5.3964896
1,0.97445434,1.8214661
0,0.45457888,-0.20799129
1,0.9534192,-0.6846409
0,0.20909368,-0.45071772
1,0.91940546,0.07909613
0,0.97028613,13.266575
1,0.99646634,1.8775882
0,0.97581244,9.75717
0,0.9280538,6.625932
0,0.18412945,-0.16717115
0,0.9861433,10.823156
1,0.8883545,1.3650553
1,0.9961066,-1.7741241
1,0.96558714,4.727308
0,0.5287939,-0.54081166
0,0.9372978,1.5945281
1,0.86811525,1.1856573
1,0.9819791,17.32454
0,0.63438565,-0.7952994
0,0.6797533,-1.1359328
0,0.971526,-0.4649378
1,0.50146735,0.50159985
0,0.64302343,0.43298057
0,0.96447957,4.431634
1,0.92912155,4.523322
0,0.21790472,-0.05546933
1,0.97350144,8.185147
0,0.97391516,-0.78915334
0,0.96248895,3.3632627
0,0.93688524,10.863151
1,0.8063589,-1.0010918
1,0.98347,-1.2141453
1,0.996513,-1.3707803
1,0.97294426,2.269165
1,0.76711845,-1.2800398
1,0.9227389,11.442966
1,0.80838513,-0.7587812
1,0.93276376,-1.2148305
0,0.95698404,18.422445
1,0.7617522,-0.042559095
0,0.67132723,-1.1267555
0,0.8133444,-1.0961893
1,0.94015396,-1.2675898
1,0.71703213,-0.8291171
1,0.9360945,2.35007
0,0.9802968,9.938201
0,0.95879066,18.537397
0,0.72288734,-1.2586954
0,0.92151034,1.9256556
0,0.8958127,-1.1840229
0,0.8966158,2.3412404
1,0.9674471,-1.3386314
0,0.6929295,-1.0249746
1,0.5010616,-0.6825227
1,0.9833881,1.8730018
1,0.8960222,0.54437745
0,0.53913003,0.26017916
0,0.2032945,-0.48723465
1,0.959849,-1.395045
1,0.78573775,-0.35615972
0,0.91846156,1.3198878
1,0.9842413,4.048292
1,0.99080765,-2.035932
1,0.339342,-0.48067164
0,0.44959113,0.09489873
1,0.99395764,-1.6439027
0,0.32744712,0.67720747
0,0.51826495,-0.27767387
0,0.5359213,1.4249232
1,0.981481,7.084494
1,0.83340734,-0.3254928
0,0.25157404,0.19039802
0,0.75442374,0.5893381
1,0.9923585,-1.5658325
0,0.49137816,0.6613907
1,0.8249582,-1.2958101
0,0.36027288,-0.22356004
0,0.9144501,-1.159978
0,0.97713065,2.5916603
1,0.96313137,5.3377934
0,0.9523192,4.0155296
1,0.5723848,0.78461826
1,0.26447198,-0.50826067
1,0.9827085,-2.0193233
1,0.8510935,0.70801157
1,0.9857264,-2.1437588
1,0.93584573,1.6823899
0,0.6609127,-1.008466
0,0.9384023,20.56416
0,0.91658473,9.856903
1,0.8820049,-0.77075386
0,0.96981925,5.2682314
0,0.9374814,2.7812414
1,0.8461527,-1.1028054
0,0.91343826,4.1537313
0,0.97343147,6.0519023
1,0.9940474,12.319997
0,0.9381017,0.8110543
1,0.9296374,-1.4743822
1,0.42379606,0.15689506
1,0.9914382,-2.3575058
1,0.9718342,-1.4614766
0,0.73784596,-1.2391548
0,0.8458578,0.06678295
1,0.99451905,-1.1304513
1,0.9290597,-0.7545231
1,0.9551906,-1.13906
1,0.89664644,-0.80295753
0,0.98011917,6.1179967
0,0.62107724,0.5838184
1,0.8287892,-1.6475339
0,0.941719,2.2754204
1,0.9875976,-1.5988427
0,0.7523462,-0.50170124
0,0.9529473,3.9697964
1,0.92028576,-0.39488316
0,0.9107205,9.348213
0,0.97854865,11.852764
1,0.60776323,-0.48136538
0,0.9306184,3.7490265
1,0.97072715,-1.7037379
0,0.7096598,-1.0762982
1,0.9833573,-1.4499218
1,0.81181383,1.8242645
1,0.9708611,-1.648131
0,0.7439392,0.05129369
0,0.56995994,-1.2823988
0,0.24256785,-1.1397364
0,0.6133686,-0.58591676
0,0.67312354,1.1263099
0,0.8188353,2.0895567
1,0.31650308,0.51385397
0,0.73491406,2.7363348
1,0.96157354,2.2295175
1,0.9615439,-1.160382
1,0.96855116,-0.5043964
1,0.92180425,4.6488123
1,0.98307496,-1.8835756
1,0.95416534,-1.8306894
0,0.44971484,-0.6511524
1,0.84112054,-0.709155
0,0.5698272,1.5151942
0,0.46537077,-0.8470081
1,0.547662,0.3902011
0,0.3640227,-0.5415765
1,0.9933871,-1.7099543
0,0.9728461,4.018638
0,0.13225539,-0.19921003
1,0.8987652,-0.7630217
1,0.9901496,7.1804433
1,0.13275555,0.3716518
0,0.57333815,-0.26905522
0,0.35717356,0.44271186
1,0.96606,12.331386
0,0.24882932,-0.32751608
1,0.8719094,1.7415572
0,0.18767762,0.06891997
0,0.9429719,4.863486
1,0.62573504,0.5856022
0,0.9374662,3.295537
1,0.9715281,-1.0228565
1,0.99206805,-1.8184863
1,0.9930357,-1.0719869
1,0.72620267,0.5157689
1,0.755217,-0.12670076
0,0.95648295,1.6164259
1,0.8987613,1.6439983
0,0.18492942,-1.0492853
1,0.91784096,-1.9415435
1,0.6988275,1.0912175
1,0.9168057,6.9718556
1,0.9843059,-1.3893569
0,0.6584762,0.37078694
0,0.9759679,2.2423248
0,0.42324546,0.5073399
0,0.9619841,21.157639
1,0.8450998,-0.47840974
1,0.8129158,0.817238
0,0.9514069,5.4314117
0,0.46782637,1.3331351
1,0.8610713,-1.493546
0,0.9407325,2.26507
1,0.92402846,-1.629629
0,0.86993885,-0.58314234
1,0.8018512,0.64662904
0,0.025942303,-0.2216811
1,0.45932883,-0.31120142
0,0.8944898,-0.8245514
0,0.6065287,-0.702272
1,0.99510694,-2.0108309
0,0.50659734,-1.1115812
1,0.7545651,-0.65631527
1,0.987193,11.648305
0,0.72020674,2.4781463
1,0.9788304,4.436625
1,0.9813345,-1.8834785
1,0.88062865,1.084308
0,0.22069432,-0.25417656
0,0.8792395,3.8609648
1,0.08612616,-0.13002121
0,0.5475133,-0.69637823
0,0.84988457,0.88078755
0,0.44212562,0.8735474
1,0.32848257,-0.33281147
0,0.5543774,0.033384044
0,0.96997786,4.562556
1,0.9165027,-1.3588618
0,0.9893822,2.4337826
1,0.9392738,-0.433154
0,0.93642193,4.1732283
0,0.9829351,-1.1643931
0,0.4515655,-0.53630924
1,0.9321938,-0.046848584
1,0.7416835,0.28486624
0,0.16042745,-0.4469037
0,0.75213784,-0.4166875
1,0.95895904,-1.3161371
1,0.9980369,-2.4153285
1,0.91078097,-1.7941787
1,0.95721346,-1.9911
1,0.98976487,-1.8572162
1,0.8705822,1.8666859
1,0.8833212,-1.6686538
1,0.64011884,-0.21649614
1,0.9538611,-1.5252267
1,0.9934545,-1.9761376
1,0.95086825,2.7656648
0,0.40664634,0.30902418
0,0.7282593,-0.6740148
1,0.97635067,-1.5529969
0,0.9731397,7.0688496
0,0.9550708,12.120128
0,0.5714214,-1.1142315
0,0.809261,-1.111309
0,0.95829475,-0.9630395
0,0.71571505,2.3774788
0,0.9789906,13.260856
0,0.6932066,0.9940498
1,0.88292515,4.4519515
1,0.6199652,-0.3554189
1,0.97485024,-2.311893
1,0.9611826,18.293907
0,0.9505393,1.1057101
1,0.9326296,0.7797711
0,0.78623503,-0.85005105
1,0.6536829,-1.0635989
0,0.7384244,-0.9120844
0,0.5307327,-0.5032292
0,0.9091847,-1.2025535
1,0.9823914,-1.8314202
1,0.99027437,10.20462
1,0.93665403,-1.1043259
1,0.8216133,2.453732
0,0.5975026,0.68242687
1,0.9549248,-1.0489419
0,0.25216088,1.0053142
1,0.86136246,-1.4527806
0,0.8912718,-0.7485381
0,0.27943397,-0.3979125
1,0.84063977,-1.0333508
0,0.97671026,11.833474
1,0.9855601,6.05598
0,0.12888357,-0.12895173
0,0.92735636,-1.105409
0,0.9818277,3.2813518
0,0.55033505,-0.3839816
1,0.99441206,-1.6734134
0,0.27352533,-0.24043648
0,0.8122634,-1.1897424
1,0.91562104,-0.98962027
0,0.81375766,-1.1644167
0,0.9464767,2.457086
0,0.154596,-0.083276436
1,0.9169872,1.6503993
0,0.96683717,3.3553283
1,0.8340836,-0.6928996
1,0.96125793,-1.1020541
0,0.7305433,-0.94452965
0,0.8844054,-0.5199002
1,0.83922553,2.0221972
1,0.98979366,-1.1635153
1,0.558568,0.35704637
0,0.4406275,-0.078609645
0,0.9251426,1.348797
0,0.54635423,-0.60576475
0,0.96121085,7.250608
0,0.8478549,-0.8259316
0,0.82389766,1.6722347
1,0.9309679,-1.0781466
1,0.9916536,0.82413554
1,0.55378544,-0.45589152
1,0.99524117,5.323531
1,0.9780434,-1.7591511
0,0.8539691,-0.71692675
0,0.835236,-1.0432574
0,0.9748283,-1.1606308
0,0.145941,-0.060515244
1,0.96016675,-1.4562097
1,0.98703265,0.35818005
1,0.9849128,-2.113653
0,0.96974707,4.9906716
0,0.9456405,4.131019
0,0.33672762,-0.9341174
1,0.97496194,4.604401
0,0.40128005,-1.1318998
0,0.93212414,8.335557
1,0.89774585,-1.6049047
1,0.70804095,0.14865561
0,0.09239299,0.01955963
0,0.86592793,2.3380582
0,0.5888655,1.5774015
0,0.30592299,0.49974182
0,0.79422504,3.1234055
0,0.9683572,17.70963
0,0.9728433,3.9251976
1,0.95559037,8.786927
1,0.9874902,-1.0576435
1,0.9497925,-1.8644564
0,0.9198023,4.534996
1,0.6213372,0.38486052
1,0.9348412,0.5470078
1,0.91635436,-0.742815
1,0.93724626,7.9510074
1,0.3028518,0.31553555
0,0.21074118,-1.1537011
1,0.96227914,-1.5737016
0,0.42412233,-0.29320022
1,0.97965515,3.6041336
0,0.6040926,1.1857941
0,0.8949885,5.539186
0,0.7758679,0.5180589
1,0.64248323,-1.2451617
1,0.8247528,-0.46351856
1,0.8918807,-1.2829245
1,0.8031954,-1.2174047
0,0.80333775,-0.8814309
1,0.9750335,2.1999192
1,0.9751141,-1.6291825
0,0.38080993,1.168589
0,0.95663077,3.6332107
1,0.98372877,2.6444492
1,0.988293,1.7950094
1,0.9327453,-1.2296152
1,0.97790486,-0.8057981
0,0.17629583,-0.52916086
0,0.42051405,-0.5371986
1,0.97451854,7.767607
0,0.6228475,1.0164421
1,0.6731073,-0.92645353
1,0.90145576,-0.7585337
0,0.41938475,-1.1501355
1,0.89564186,-1.9419299
1,0.9036307,1.3224316
0,0.4726511,1.3159821
1,0.9862766,3.4980834
0,0.9791022,2.9965658
0,0.9857875,7.6398373
0,0.32921574,-1.2692447
1,0.76724344,-0.6536601
1,0.9793986,1.6412358
1,0.97985953,-1.4890113
1,0.97235525,2.621115
0,0.88796633,-1.1010565
1,0.9893209,-1.9668659
0,0.15320803,0.45287073
0,0.9848352,10.236726
1,0.8452812,-0.4929416
1,0.67101175,0.44127232
0,0.94945204,3.1868958
1,0.80699533,-0.91327566
0,0.3668161,-0.33228496
0,0.64789194,1.5880178
0,0.9647697,8.422407
1,0.970832,1.8634453
0,0.08975319,-0.38499963
1,0.9977645,-2.271624
0,0.43283412,-0.9857828
0,0.9549483,18.738035
0,0.46596524,0.05659303
0,0.057635054,-0.14746112
0,0.49987388,-0.79190326
0,0.958311,2.7876534
1,0.9365982,-0.16121964
0,0.8562692,0.70097524
1,0.90816987,-0.117669724
0,0.9274563,6.338123
0,0.7364338,-1.2116499
1,0.9431247,-0.89256525
0,0.9464738,4.3019776
0,0.4778241,-0.62802726
0,0.7289435,1.7201126
0,0.7535972,-0.5817944
1,0.9874879,-1.4779938
0,0.9492156,9.768356
0,0.5943724,-0.25905782
1,0.88896996,-1.4464213
0,0.3032474,0.50439143
0,0.91666675,4.33893
0,0.9625547,8.152166
1,0.9538286,-0.71022296
1,0.99524164,-2.052473
1,0.90377355,-1.3374019
1,0.7541351,-0.8714566
0,0.7381365,-0.9919537
1,0.6928985,-0.482221
0,0.73805356,-0.7014784
1,0.9927267,5.795639
0,0.94566905,6.5746865
1,0.89630824,-0.14061254
0,0.40246075,1.025708
0,0.44054168,-1.1768372
0,0.6114951,-0.12675342
1,0.95662254,3.3514988
0,0.8616613,-0.95622736
0,0.52446467,-0.1640801
0,0.93570924,8.272837
0,0.37208146,-0.58194405
0,0.817433,0.73995644
0,0.7784248,0.02741465
0,0.63816744,1.5858988
1,0.5998429,-0.42845944
1,0.97935104,-0.77172285
1,0.9123183,0.23943135
1,0.59569544,1.2263632
0,0.7580323,-0.67899036
0,0.9584134,11.570998
1,0.5968639,1.0579345
1,0.3536465,1.0094576
0,0.9726229,14.3998575
0,0.7773417,-0.8603433
1,0.9928787,-1.5179377
1,0.9660115,5.457151
0,0.78350085,-0.81246257
1,0.8599554,1.6782953
1,0.23864047,0.2524364
0,0.781402,-0.4703609
1,0.9941657,6.3122754
0,0.87848866,9.106781
0,0.42062315,-0.2229619
1,0.95660025,9.475655
0,0.27176818,-1.0121409
0,0.4961456,-0.9379156
0,0.73149586,-1.1198198
0,0.38370687,-0.5129775
0,0.6411181,-1.0602454
0,0.44628054,-0.59160453
0,0.70236593,-1.0720134
0,0.6468792,-1.0275843
0,0.9734509,4.3475094
0,0.43991545,-0.45355508
1,0.98046124,2.4951415
0,0.5002093,-0.8827412
1,0.97221816,3.556916
0,0.79521513,2.7234766
0,0.9488911,1.848612
0,0.60570985,1.3775792
0,0.945017,10.034532
1,0.94936484,1.352015
1,0.9783658,-1.7831601
0,0.90294653,-1.3097987
0,0.50894094,0.14224958
0,0.9192261,1.71206
1,0.96752304,2.6896954
1,0.77168167,1.3551419
0,0.64058024,-0.636472
0,0.55035126,-0.91453284
1,0.8545558,1.0039663
1,0.6632744,0.3878209
1,0.9366094,-2.3879507
0,0.97595054,1.1191398
0,0.9425306,-1.0053807
1,0.91706,-1.4832348
1,0.7834134,0.91435874
1,0.9900892,-1.5090551
0,0.96312,8.45954
1,0.98529696,4.2240434
1,0.98257107,2.903111
0,0.95152026,7.5791755
0,0.87542915,1.0615209
0,0.9139377,4.2140594
1,0.92793465,-1.0625703
1,0.9886525,3.1629984
0,0.60236025,-0.6463142
1,0.99202853,-1.8932039
0,0.5048245,-0.58045053
0,0.9690847,7.6149826
1,0.2979217,0.2516685
1,0.8815718,-0.18926686
1,0.69479,-0.34859356
0,0.8222214,3.8024278
1,0.9288372,-1.8376474
1,0.98623955,-2.0717773
1,0.63026905,-0.421975
1,0.9263477,-1.6084446
0,0.6132653,-0.59378314
1,0.9818902,-1.3286306
1,0.9435738,-0.8683403
0,0.28534776,-0.25878358
0,0.83032954,1.2096859
1,0.7518727,-1.3870766
1,0.9729886,12.192314
0,0.31576934,0.6943774
1,0.96490806,-1.3206564
0,0.615105,1.1546745
0,0.9776941,13.266733
0,0.9872114,13.810722
1,0.98866916,-2.1969004
0,0.9543503,0.9273198
0,0.2998744,-0.47511655
1,0.9636957,-1.0962389
0,0.740513,-1.0109591
1,0.85598683,-1.0214806
0,0.9738634,7.9981847
0,0.64692926,1.2089765
1,0.40935796,-0.10045303
1,0.91891044,-0.55909234
1,0.95048136,1.0198487
0,0.8532943,-1.0565568
0,0.96142006,13.016164
0,0.122588284,0.29492328
1,0.96376896,-1.6560835
1,0.95917386,-1.2023306
1,0.98140645,-1.084845
1,0.990656,-1.8543422
0,0.95391035,-1.0314617
1,0.9657779,-1.65539
0,0.93700635,1.1528074
1,0.95642066,-1.9483039
0,0.18323572,0.10531781
0,0.22404401,0.39771658
0,0.9470043,1.7603887
1,0.976702,5.346676
0,0.89805573,-0.95495486
1,0.9467418,2.2853832
0,0.9671405,2.4474275
1,0.6371657,-1.2949486
1,0.94544524,-1.4552852
0,0.97764486,4.3043685
1,0.96718264,-1.6121686
1,0.6818492,-0.5096699
1,0.9899846,-0.9407805
1,0.99600565,-2.1842432
1,0.58268434,1.3075289
0,0.616991,-0.78477436
1,0.9754669,16.313625
1,0.9873783,6.4868
1,0.93162125,1.7887036
1,0.86095214,-0.8627922
1,0.96955127,3.0559702
1,0.8772462,-1.264903
1,0.969836,-2.1837723
0,0.85235536,0.8518452
0,0.8040223,7.009984
0,0.81498814,0.075092636
1,0.9555513,-1.3486955
0,0.95957965,7.4583406
0,0.9661654,8.929726
1,0.99574894,3.2326648
1,0.7682236,-0.6016121
0,0.5984438,-0.9590934
0,0.93915063,4.308127
0,0.9790113,4.4919734
1,0.687688,0.6045534
0,0.9351096,-0.8229536
0,0.79083556,1.2202553
0,0.9645265,5.0061374
0,0.581637,0.2863244
1,0.9838779,-1.5611207
1,0.97712165,4.093604
1,0.9799596,-2.0968175
0,0.64137083,-0.9732498
0,0.6858673,-1.1453422
1,0.9515725,-1.4871644
1,0.987735,-1.9530652
0,0.27617076,0.97388923
1,0.16195294,-0.24678421
0,0.27015775,1.2070689
0,0.88913715,3.1423757
1,0.977664,-1.7697145
1,0.93032223,-1.5100318
0,0.25915548,-0.88703156
0,0.9079907,1.5635577
0,0.9597022,11.07715
0,0.359707,-0.37671393
1,0.6995583,0.49053222
0,0.53054893,0.22763875
0,0.96613145,5.3860693
0,0.9639471,12.608727
0,0.69293576,-0.8309291
1,0.9059184,0.6032177
0,0.8820618,2.2490144
1,0.8963198,-0.62081677
1,0.49940345,-0.4284145
1,0.7224541,0.77144516
0,0.84330446,-0.988443
0,0.96055657,10.027816
1,0.30331147,0.7077141
0,0.83522296,3.757046
0,0.83117414,-0.96568674
0,0.9780783,2.4763513
0,0.59959435,-0.8060227
1,0.9379505,-0.77119505
0,0.9132937,4.639083
1,0.9808141,0.80817515
1,0.9847791,1.9752268
1,0.953842,-1.7133058
0,0.3897579,0.14598426
0,0.963619,9.408045
1,0.94291127,4.308192
1,0.98298794,8.986729
0,0.70707995,-0.96700394
1,0.97611624,-1.6658598
0,0.5744455,-1.2722837
0,0.44088498,0.76001954
0,0.9098825,1.6953547
0,0.97203714,10.33947
0,0.9807178,9.134616
1,0.949728,3.6178718
0,0.58539134,-0.08060599
1,0.7764732,-0.32544732
0,0.8794093,0.77626544
0,0.95133567,-1.1461173
0,0.9502619,11.437402
1,0.9823811,17.005714
1,0.9042621,1.948487
1,0.40296003,0.044889487
0,0.94204634,8.000058
0,0.98096085,4.1841784
0,0.7160883,0.9522374
0,0.24191208,-0.44566303
0,0.85563636,-0.76382273
0,0.9486191,5.4507184
0,0.8511412,-0.92132455
1,0.8878309,1.01857
0,0.6661397,-0.2987868
1,0.97540134,-0.61881065
0,0.98394877,20.233515
1,0.9737436,3.372977
1,0.943158,-1.4893513
0,0.92192906,2.2781293
0,0.91020805,-1.1686977
1,0.9129464,-1.0956023
1,0.94197255,3.765081
0,0.94705886,-0.895822
0,0.9289775,6.679652
0,0.4964958,-0.12678069
0,0.35674492,-0.2839742
1,0.9741966,8.719986
1,0.99833715,-2.4129577
1,0.6324307,0.37264746
1,0.94937557,-1.480274
0,0.48048246,0.62628275
1,0.9846881,2.5434468
1,0.91287637,-1.7386504
1,0.89228135,0.5398357
0,0.120427825,0.19740951
0,0.86740637,-0.10053677
1,0.74353015,-0.5927207
0,0.5936721,1.5627003
1,0.99273986,7.796419
1,0.9915991,16.589437
1,0.98385346,-1.947251
1,0.87908787,0.7003127
0,0.9377786,5.9321136
1,0.85189813,-0.56004566
1,0.98043066,4.092262
0,0.8258694,0.9819678
1,0.69333446,0.27554467
1,0.4241779,-0.2917523
0,0.8619597,-0.40376028
0,0.96532106,15.4102955
0,0.4853152,-0.4205161
0,0.36211976,-0.10137372
0,0.11183518,0.35388958
1,0.8077547,-1.0704606
0,0.7903212,4.021216
1,0.9680702,3.9747562
1,0.9631234,-1.3578703
0,0.4769131,-0.93364906
1,0.96295583,-1.7397441
1,0.2938152,-0.09216726
0,0.7646641,0.10188917
0,0.35817963,-0.86036474
0,0.4025614,0.20748332
1,0.99316585,-2.1871545
1,0.9425288,2.2265148
1,0.7071298,-0.6959425
0,0.7900259,-0.69791555
1,0.8153481,-1.3013508
1,0.8044045,1.5195382
0,0.85416347,8.843065
1,0.50946516,0.98609734
1,0.6053017,0.018217659
1,0.85882616,-1.3746895
0,0.5109937,-1.1061832
0,0.6819851,-0.23032126
0,0.69025457,4.500154
0,0.44735625,-1.1702286
1,0.5917175,-0.62778425
0,0.11229769,0.28393668
0,0.07188498,-0.1264832
1,0.878423,-1.4467666
0,0.9742804,8.695199
0,0.84555495,0.16141532
1,0.6615882,0.019135593
0,0.9005803,4.5888014
1,0.99509025,43.339348
1,0.45693755,-0.53419507
1,0.9297389,-1.3224756
1,0.84223187,-1.3223459
1,0.9799726,-1.9009221
0,0.76335585,-0.9869224
1,0.9475708,-1.3940076
0,0.9370064,2.3786898
1,0.7563807,-1.4478174
1,0.97892326,2.7687519
1,0.5876115,0.36012438
0,0.9101059,6.4445744
1,0.83046824,-0.018814927
0,0.8643055,8.488526
1,0.9728023,5.678593
1,0.99794483,-2.3846984
1,0.9352958,-1.2931587
0,0.93672323,1.3752562
1,0.80396533,0.48201036
1,0.49234882,0.50626427
0,0.7618688,2.4322743
0,0.32750618,-0.07885438
1,0.8375976,-0.09594749
1,0.7248804,-0.9633069
0,0.39730868,-0.48505285
1,0.9738242,1.9960696
0,0.96779627,10.859579
1,0.896445,-1.1940109
0,0.2860033,0.16071683
0,0.87177473,-0.6547121
0,0.8183417,-0.75946903
0,0.8989003,2.0695155
1,0.95537794,-0.13469721
0,0.2116373,-0.26652193
0,0.92320186,1.5627425
1,0.8675656,-1.5081218
0,0.60784674,-0.0043399916
0,0.12662376,-0.18306033
0,0.6236486,-0.24097082
1,0.9321363,-1.2873675
1,0.9951337,-1.8076608
1,0.8925903,-1.0668185
1,0.9670928,-1.7248904
0,0.68144953,-0.82708806
0,0.941696,15.930747
1,0.94484764,3.7919161
1,0.9298847,-0.99719393
1,0.96264815,-1.2272111
1,0.93972987,-1.2679695
1,0.9677024,4.0343466
0,0.78100294,0.7567449
1,0.6002808,0.3425736
1,0.9933791,-2.2139254
0,0.8867056,1.0959233
0,0.30185166,-0.7517236
0,0.888654,1.8073921
0,0.2274662,0.5830766
1,0.9517754,-1.9087292
1,0.9878368,-1.9786086
1,0.73977774,0.7278789
1,0.96189624,1.9447054
0,0.0648755,0.30679026
0,0.67972666,-1.0278165
0,0.74955034,-0.8824619
0,0.6425031,2.106173
1,0.9710346,-0.7555502
0,0.40769777,0.31245053
1,0.98330355,-1.9234428
1,0.72187454,-0.5503896
1,0.92209905,-0.5405998
1,0.92518806,-0.9976666
0,0.9497618,5.188101
1,0.9638082,5.5340376
0,0.6728475,-0.85249823
0,0.8909838,-1.3194906
0,0.8638035,-0.7747429
1,0.84589684,0.5594595
0,0.96111995,4.272352
0,0.6088339,0.6197903
0,0.2333314,-0.5346818
1,0.8128828,0.4689859
0,0.9606931,7.1593757
1,0.97826546,-1.5166796
1,0.9220261,-1.8110589
0,0.842212,3.5425673
1,0.8393344,-1.2990297
0,0.94767886,7.020821
1,0.9611338,-1.0114268
0,0.7192775,0.58995646
1,0.98663116,1.7176086
1,0.93842626,-1.540339
0,0.6429847,-0.16955826
1,0.9008241,-1.416731
1,0.6804339,-1.4032639
0,0.9898281,8.847561
1,0.9713807,-1.6230419
0,0.5943897,-0.67895794
1,0.9702861,9.379031
0,0.8124568,0.8588247
1,0.9768973,3.9690773
0,0.8670505,1.6232841
1,0.9235686,-1.4039804
0,0.72526336,-0.84365505
0,0.4191855,0.1451656
0,0.950561,1.8587139
0,0.5550017,0.1322544
1,0.9769368,-1.8071092
1,0.91327375,-1.5281523
0,0.9525284,3.7420003
1,0.17717753,0.6611767
0,0.77829796,-0.968148
0,0.47108275,0.374053
1,0.8794694,0.5545553
0,0.91761166,0.81098795
1,0.94084436,-1.6722668
1,0.9797398,4.6178236
1,0.95106024,-1.1056286
1,0.9819987,6.9308
1,0.98757964,8.2378845
0,0.23807111,0.47544882
1,0.9922808,10.490387
0,0.9377302,6.290271
0,0.97598547,21.458204
1,0.97286063,-1.3417819
0,0.8833791,2.7611542
1,0.93435353,-1.3666245
0,0.56608593,2.3935223
0,0.30370373,0.6042079
0,0.633809,1.3529063
0,0.97857034,7.995907
1,0.80496156,-1.2775416
1,0.96193874,-1.1924629
0,0.85971487,7.895753
1,0.9477278,-1.6610582
1,0.9272811,-1.2838249
0,0.7826441,-0.49456322
0,0.91768587,1.707944
0,0.6176688,0.8212414
0,0.33098444,-1.205287
0,0.81747264,-0.58667135
0,0.8524125,-1.1532627
1,0.9830962,-1.0126292
1,0.98265123,-1.7006859
0,0.79069954,1.4476874
1,0.95799387,3.788568
0,0.107380226,-0.10152138
0,0.24336605,0.105885714
1,0.8283691,-1.0385782
0,0.51750684,-0.3592505
1,0.97552514,-1.3667654
1,0.967775,4.327499
0,0.45762905,1.6793455
1,0.98762304,-1.4867938
1,0.99793166,-2.5838027
1,0.956434,-0.931107
1,0.80332285,-1.1530468
1,0.9644709,-1.8880053
0,0.7690493,-1.0655584
0,0.88406205,8.956343
1,0.9861729,6.8100786
1,0.9315956,3.468338
0,0.22422624,-0.3652156
0,0.84703004,-0.6963423
1,0.7643349,-1.2219188
0,0.72000176,-1.2416153
0,0.27384686,1.7198422
0,0.7395175,0.7711113
0,0.39540654,0.89999384
0,0.7111851,-0.07645429
0,0.7754394,1.7764615
1,0.9540684,5.2554445
0,0.8795124,0.5171863
1,0.57542384,-0.09082354
1,0.9756294,1.068386
0,0.8976034,7.383343
1,0.14657526,-0.049262643
0,0.91616195,0.7716178
1,0.97844183,7.2421894
1,0.9181318,-0.58510095
0,0.23960745,-0.891735
1,0.7381507,-1.3569335
1,0.8857031,-0.4658645
0,0.44480267,1.0220532
1,0.69421583,-0.501381
0,0.6770039,-0.75474465
0,0.8575539,-0.7549484
1,0.7494601,1.228735
0,0.8169647,0.81447816
0,0.8473569,0.6632978
1,0.94912153,-1.7615082
0,0.9551098,8.434666
1,0.2847524,0.18952419
1,0.9930818,-1.0964555
0,0.9816054,23.08872
1,0.98542064,1.8505929
1,0.6476828,-1.0273709
0,0.561591,1.0870808
1,0.99097854,-2.0840974
0,0.9311802,3.9197094
0,0.96023726,4.3673716
1,0.9519322,7.5905657
1,0.68879175,-0.58598816
1,0.37426764,-0.37463102
0,0.8189711,1.6277893
1,0.87066084,-0.3649211
0,0.043144565,0.7021845
1,0.96521187,-1.3695194
1,0.8649537,-1.4857008
0,0.65793705,-1.1528739
0,0.55474293,-0.32823065
0,0.95493156,13.831052
0,0.6698942,-0.6186456
1,0.98366964,3.7622476
1,0.41714227,0.6125382
0,0.82585526,0.4547052
1,0.66162264,-0.5358108
0,0.22134218,-0.1768226
0,0.6240285,1.3677765
1,0.7906803,-0.30227938
1,0.8746871,-0.6144988
1,0.9754298,2.1284685
1,0.23892693,-0.12786533
0,0.3323246,-0.17781673
1,0.9726332,4.2769194
1,0.97745603,-1.572392
0,0.9150566,2.4661946
1,0.7293197,0.307464
0,0.22887874,-0.14588012
1,0.9938774,-1.7248334
1,0.9711595,5.865302
1,0.75020903,1.3595802
0,0.9494937,4.1178784
0,0.9428583,-1.0479944
1,0.8219178,-0.7345022
0,0.6129455,-0.99810284
0,0.8485214,4.1951923
0,0.9519662,9.487468
0,0.3960368,0.14398402
0,0.03268296,0.10490664
0,0.646654,1.5482789
0,0.7183861,1.2452139
0,0.6995843,-1.1427964
1,0.9736658,5.56894
0,0.96799904,1.3839886
1,0.9163871,-1.2994015
0,0.47011378,0.5979735
1,0.9842196,1.5507753
0,0.5550142,-0.93190306
1,0.98057544,-1.6410794
1,0.6342014,-1.1908041
0,0.13603249,-0.5720488
0,0.5660624,-0.79656833
1,0.9348324,-1.4451997
0,0.66726005,-0.50229275
1,0.9699636,-1.8079629
0,0.79230434,1.3488208
1,0.9648159,10.206341
0,0.31647143,0.18626729
0,0.85712504,-1.0761461
0,0.74827147,-0.3233498
0,0.8579957,1.3808676
1,0.7695178,-0.5373868
0,0.6379208,-0.8465848
1,0.845167,-1.1902952
0,0.505531,-0.87456656
0,0.8318441,-0.79821914
1,0.99279314,-1.180765
0,0.9701149,3.2784152
0,0.94193405,4.507802
1,0.976323,1.9446115
1,0.9847012,-1.7329789
1,0.70045686,-0.93401414
1,0.9901827,3.404988
0,0.23314923,0.4306252
0,0.6686295,-0.09034165
0,0.46670774,-1.117779
0,0.41675752,-0.39628315
0,0.21208179,1.3967905
1,0.98745257,8.449706
1,0.96596205,-0.26948485
0,0.97443146,2.120903
0,0.783752,-0.82934445
0,0.92609584,10.097522
0,0.5381516,0.66338325
1,0.967018,5.127804
1,0.45631582,-0.4043925
1,0.99046344,7.3273816
0,0.6411886,-0.60304636
0,0.32745808,-0.4471764
0,0.22888944,-0.23364721
0,0.78442174,1.3555949
0,0.97316873,1.7327534
0,0.08134095,-0.6380943
1,0.97495955,1.5008005
0,0.98558336,2.7638884
1,0.9709039,4.131364
0,0.9694509,9.382675
0,0.2607386,-1.19771
0,0.640352,2.6737068
0,0.6535708,0.2988182
0,0.78974825,-0.4783954
0,0.852083,1.9557132
0,0.5688005,-1.246446
1,0.9329416,-0.6028294
1,0.60650945,0.15467246
0,0.6017307,-0.3893155
0,0.92043066,8.784239
1,0.7130023,-0.48324105
1,0.6904367,-0.3543814
1,0.9729486,2.0689216
1,0.9178583,2.6365623
0,0.56683755,0.57940364
0,0.97289157,5.548856
0,0.74102813,0.67531204
0,0.56333935,-1.196062
1,0.909689,-1.5229895
1,0.28432435,-0.4652073
1,0.992215,-1.9116752
1,0.96446675,4.4671097
1,0.9874829,-2.2181675
1,0.9130429,-0.94489884
1,0.70233315,-0.67845464
1,0.9509708,-1.3322966
1,0.7594386,-0.46103948
1,0.9479245,-0.9737017
1,0.9456846,-2.097564
1,0.82023746,-0.5641812
0,0.956573,3.609168
1,0.96421254,3.8010497
1,0.77608174,1.6435418
1,0.85114956,-0.44451374
1,0.050611198,0.20367472
0,0.57023066,-0.41935644
1,0.9940462,3.569235
0,0.8321343,-0.87283653
0,0.5250762,-0.9576921
1,0.8946627,-1.262032
0,0.9765524,7.414679
1,0.8904333,-1.1111234
1,0.83786225,-0.69171554
0,0.5622223,0.036606275
1,0.6656121,0.94096726
0,0.3647353,-0.21659051
0,0.89023095,8.573658
0,0.18830171,0.31617194
1,0.961956,10.208806
1,0.87439334,-1.562192
0,0.4617029,0.81056863
0,0.18512376,0.25064743
1,0.9862548,-1.891514
0,0.97957903,2.634866
1,0.7261029,-0.6702772
0,0.6425747,-0.7597145
0,0.9622301,5.6600156
0,0.30385068,-1.1200799
0,0.2283484,-0.07468845
0,0.96546584,6.5450397
0,0.19675061,-0.41425323
0,0.9866385,15.169764
0,0.835271,0.802987
1,0.9851135,3.0064898
1,0.6291856,-0.92310965
1,0.75679654,1.0752256
1,0.44643077,2.120105
0,0.96744215,7.866417
0,0.70594674,-1.0037745
0,0.9124172,-0.95231783
1,0.9481828,-1.8661218
1,0.9312564,-1.2726324
0,0.80710816,2.6750185
1,0.8790112,-1.6404796
0,0.18447661,-0.7318314
1,0.63063604,-0.44145924
0,0.82509655,-0.6993326
0,0.34533772,0.32568294
0,0.46371883,-0.104847826
1,0.9253755,-1.4160376
0,0.06359083,-0.37882408
1,0.98088837,1.8393495
1,0.9666778,-1.1574855
1,0.9836564,-1.7755712
0,0.9571535,-1.3076576
0,0.76205194,-0.42410624
0,0.66216713,-0.9757683
1,0.994088,-2.2179506
0,0.96876884,8.988491
1,0.8143307,-1.3789711
1,0.99071133,-1.8580921
0,0.54186565,-1.0976728
0,0.33673128,-0.2815028
1,0.8661228,-0.60352856
0,0.9231364,6.644112
1,0.9037918,-0.5757803
1,0.9677688,-1.7310979
1,0.6860937,-0.35794562
1,0.48116636,-0.10879597
1,0.9432879,-1.444337
1,0.9389979,-1.6847677
1,0.87231934,-0.55259866
0,0.94207466,-1.165887
1,0.9511805,0.5684059
0,0.91217595,2.6481373
1,0.5367041,-0.6650318
1,0.97730875,-0.91750205
1,0.43521196,0.17449473
1,0.99197036,3.4320369
1,0.98139864,9.760037
1,0.60549444,-0.33024284
1,0.98617184,-1.1241958
0,0.095261775,-0.7790951
1,0.999262,-2.337059
1,0.99568975,-1.8693585
0,0.7900206,1.8440323
1,0.77930516,-0.33376658
1,0.98223203,2.3790517
0,0.52395743,-0.9276894
0,0.71398944,-0.6227897
0,0.9635791,7.954583
0,0.95560145,-0.9765397
0,0.47345898,-0.26238945
1,0.9872963,8.044208
0,0.27508292,-0.67073935
1,0.18419887,0.9321738
0,0.90347534,2.061824
1,0.7912358,-0.5470162
1,0.49764997,-0.6022804
1,0.609797,-0.77511173
0,0.57722414,-0.2503259
1,0.97356504,3.711182
1,0.98138523,-1.7151443
0,0.43043172,-0.60311776
1,0.8583299,-0.7770178
1,0.98498183,-1.771676
1,0.5561491,-0.10094326
1,0.82352126,0.26334062
0,0.9374046,9.810219
0,0.93463606,1.3192387
0,0.39228734,0.5424586
1,0.9268375,0.84328634
1,0.88744545,-1.2661576
1,0.968237,-1.7551422
0,0.9704666,3.008286
0,0.15245976,-0.78110063
1,0.9809008,-1.9967719
1,0.9068135,-1.0691962
0,0.66168576,-0.72042084
1,0.94771194,-1.1683133
0,0.89135605,1.0476638
1,0.9557294,-2.1131282
1,0.9877927,3.2560036
0,0.94677556,3.1807487
0,0.8885733,3.111125
0,0.9514392,5.1717644
1,0.986175,-2.0141535
0,0.23145103,0.027828055
1,0.9831609,10.541506
0,0.9473722,3.5470936
1,0.9438663,-0.6797357
0,0.20528142,-0.17886356
1,0.6093306,0.33547166
1,0.9600243,-1.3397195
0,0.88655037,3.4407034
0,0.96671796,4.664881
0,0.68073034,0.6554129
1,0.9617611,-1.2153629
1,0.93372405,6.171889
0,0.8855014,-0.52309376
0,0.8649109,-0.66610837
1,0.6032813,1.3148514
1,0.85695827,-1.4808235
0,0.15010437,-0.0015021681
0,0.27465865,0.33504716
0,0.9270928,10.686904
0,0.582967,0.024697322
0,0.17562181,0.2624262
1,0.99667764,-2.092751
1,0.37176436,-0.50828385
1,0.36514914,-0.76067764
0,0.57427347,1.2773614
0,0.98544836,3.980495
1,0.9821474,-1.789625
1,0.99154764,-1.3613459
1,0.88404113,-0.591787
1,0.99606746,-2.2740836
0,0.4689503,-0.3861989
0,0.24777946,0.546747
0,0.92495567,1.6101254
1,0.9885361,-1.5125582
1,0.94294226,2.8404925
0,0.80326575,-0.95635676
0,0.96548027,3.2535348
0,0.52623034,-1.0549978
0,0.9620826,4.5521812
0,0.89623815,2.7202544
0,0.9323724,16.834621
0,0.22124448,-0.4149637
0,0.4868912,-0.63743407
0,0.96116054,5.1493635
1,0.8994625,8.763479
0,0.48243383,0.53341985
0,0.9450006,5.129098
0,0.54916096,-1.0442446
1,0.98219603,1.8383492
1,0.97728026,7.7593246
0,0.23376155,-0.40916726
0,0.44804648,-0.29949713
1,0.5359286,-0.5277975
1,0.4782782,-0.9603247
1,0.9937365,-1.6826944
0,0.5178048,-1.0202858
1,0.7115966,1.7527828
0,0.43479577,-0.58999217
1,0.99693114,-1.7738324
1,0.98697823,-1.5637687
1,0.42418516,-0.041606184
0,0.96577513,4.139865
1,0.9804049,4.2517114
0,0.9098987,11.381878
1,0.34722453,0.70959735
0,0.9659597,4.7357283
0,0.7629133,-1.1539758
1,0.96263313,-1.845736
1,0.98871595,2.0385668
1,0.9573035,-1.3546946
0,0.9888372,12.261944
0,0.5819038,-0.89460105
0,0.9735812,16.042688
0,0.5095998,-0.74242973
1,0.99463314,-1.5761662
1,0.36231557,-0.7812788
0,0.86544585,-0.6640221
0,0.96171385,3.3980963
1,0.9941004,-2.3836484
1,0.9842689,-1.1234639
0,0.96041095,9.264506
1,0.9508648,-1.7596054
0,0.9776084,12.476103
1,0.10305581,0.36855662
0,0.30797902,-0.495736
0,0.48466483,0.13529466
0,0.8880152,2.472344
1,0.9180814,-1.0980747
0,0.5177558,0.042416118
0,0.7224284,1.6280403
1,0.8426822,-0.47495914
1,0.63410705,-0.31335452
0,0.53614044,0.74456215
0,0.7986867,1.1846886
0,0.86196476,1.0151085
0,0.068607576,-0.5871321
1,0.9088211,-0.8476056
0,0.941038,17.015453
1,0.99548054,-1.8151766
1,0.798061,-1.635558
0,0.97995603,13.210321
1,0.94543326,-0.13780358
0,0.96163857,3.0607169
1,0.9843396,1.9192996
1,0.9316633,-1.4902354
1,0.98376775,2.2773135
0,0.5540344,-1.0797895
1,0.7918232,1.2846754
1,0.9502876,-1.2378185
0,0.882623,0.992763
1,0.9906953,4.9515963
1,0.9898484,-2.4944713
1,0.99632996,-2.240436
1,0.97818804,9.430136
0,0.7294014,0.72144437
1,0.8464565,-1.1251339
1,0.8364879,1.9176311
1,0.560553,-0.88344574
1,0.91815144,0.67551273
0,0.5473345,-0.7907072
0,0.346855,0.6332606
1,0.97369343,1.9516464
0,0.29511258,-0.50244766
0,0.27604708,-0.43846884
1,0.737563,-0.90609205
1,0.94434404,5.413987
0,0.11903776,-0.7176901
0,0.63422036,-0.94480294
0,0.6236851,0.5207518
1,0.98436743,-1.8887923
1,0.9629673,2.8700178
0,0.7263678,-0.23325753
1,0.98113024,-1.8002374
0,0.9319233,4.268582
1,0.9006043,1.3472124
1,0.94488174,-1.0394425
0,0.97780347,2.8032827
1,0.772277,-1.4862078
1,0.80786014,-0.51717407
1,0.8857795,-0.49356902
1,0.9130055,-1.6599408
1,0.6546028,-0.93443596
0,0.91675866,-0.90587705
0,0.6949098,2.9060104
1,0.99486107,6.223526
0,0.3649411,-0.71608084
0,0.86679244,7.7542872
0,0.67335194,-0.9916436
0,0.96901125,20.790472
1,0.9683764,-1.2370602
1,0.9915538,-1.6607217
1,0.9941876,-1.7914019
1,0.9109249,-1.1026726
1,0.9806653,4.5780077
1,0.7232271,-0.24135351
0,0.30466577,-0.43647054
0,0.9070584,2.0784082
0,0.2644601,-0.6848214
0,0.1820119,0.85683376
1,0.95333326,-1.2479932
0,0.2627102,-0.3160181
0,0.7369102,1.278142
1,0.50046664,-0.08734352
1,0.2502531,0.1406699
1,0.9832589,-1.3698163
1,0.9907717,7.1502542
0,0.93125653,3.575787
0,0.74652517,0.6945443
0,0.66584516,-1.051903
1,0.62946194,-0.8044188
0,0.7016526,-0.71487707
0,0.81544244,-0.7128005
0,0.19182469,-0.8084693
0,0.1985211,-0.9674715
0,0.09874937,-0.49955913
0,0.96588236,5.9512477
1,0.888234,1.1789421
1,0.9446338,-1.7610878
1,0.97558963,2.8224728
1,0.9735843,13.973516
1,0.8528962,-1.4080495
0,0.8993899,1.7340153
1,0.28750667,-0.2745799
0,0.74146366,-0.6886924
1,0.8180433,0.6075077
0,0.24991465,0.7734779
0,0.7901205,2.1955953
1,0.7196368,-0.41322884
1,0.9690344,2.1389818
1,0.9116626,7.994087
1,0.8632332,-1.1603199
0,0.046982307,-0.2423486
0,0.4592092,-0.7108993
1,0.8799392,-0.46679392
1,0.31038916,0.05918442
1,0.9989766,-2.3962476
0,0.62780344,-0.66183496
1,0.9889553,5.243687
1,0.9844726,-1.8972208
1,0.94870794,-1.4474729
1,0.6309532,-0.3139084
0,0.15943077,0.22365871
0,0.895586,2.5341864
0,0.99341875,3.9585257
0,0.8670546,-1.1643442
1,0.97146344,-0.9728718
1,0.98043996,3.8174536
1,0.91186744,-1.5475727
0,0.6057946,2.0992918
1,0.8260617,-1.059327
0,0.95083755,-1.3245243
1,0.98039246,-1.6652573
1,0.8601295,-1.5938095
1,0.98483145,-1.6718595
0,0.7183755,-0.56638193
1,0.97758114,-1.6508687
1,0.9908873,-1.9346492
1,0.96917546,10.434125
0,0.97120655,10.549772
1,0.9584054,2.1510854
1,0.488771,0.5013976
0,0.8387912,2.1792526
0,0.22808298,-0.08199616
1,0.7432598,-1.2822667
1,0.9663786,-1.7517684
0,0.19905917,0.20544446
0,0.800746,-1.2412279
0,0.31220022,-1.035594
1,0.52645236,-0.04233775
0,0.681788,-0.6921146
0,0.41445723,-0.30494526
1,0.90029424,-0.42413276
0,0.94648474,15.649721
0,0.784651,3.0581644
0,0.8376876,-0.85131794
0,0.68935955,0.6236475
1,0.54132944,0.20242628
0,0.22557676,0.47474045
1,0.9850779,6.3281484
1,0.84762645,-0.40151468
0,0.2874701,0.605787
0,0.95571095,11.316784
0,0.86190826,6.0456405
0,0.21573214,0.47788826
0,0.75745845,-1.2908356
1,0.8464583,-0.7588176
1,0.97061944,-1.9053185
0,0.928776,-1.1924644
0,0.92041475,5.3443694
0,0.91986233,3.3188024
1,0.9387325,-1.6386657
1,0.98906505,-1.882794
1,0.9120556,2.7898788
0,0.31186938,-0.6764157
1,0.40854,-0.019088935
1,0.9863868,1.4399843
1,0.9663484,3.063927
1,0.94567305,-1.3045594
0,0.42663273,-0.72691214
0,0.97906345,2.1904695
1,0.9914076,9.990818
0,0.19096217,0.2727371
1,0.9877343,3.616333
1,0.94929576,5.344943
0,0.69681793,0.9122597
1,0.9865138,-1.5614008
1,0.9728185,3.1325128
1,0.7367003,0.94193405
1,0.48534992,0.23041214
0,0.1017088,-0.19242994
1,0.9828997,-2.3223648
1,0.8620233,-0.9036707
0,0.93302494,-0.53743
0,0.7432983,1.0684394
1,0.92398864,-1.5778702
0,0.94648594,5.2819858
0,0.5320136,-0.7018081
1,0.95582527,2.5497441
0,0.8238309,2.9637487
0,0.86520517,0.5400029
1,0.93966305,4.582075
1,0.9829447,-1.9199282
1,0.9862347,2.1872246
1,0.6906433,-1.2083688
1,0.98802286,-1.3452823
1,0.988736,-2.0139341
0,0.94422805,4.174476
0,0.26401392,-0.091793604
1,0.44707435,-0.12606217
1,0.98136914,11.8448105
0,0.6807013,2.4109027
0,0.7055809,0.9498382
1,0.92117894,-1.3636246
1,0.8973583,-1.2968503
1,0.93924814,2.9423158
0,0.7283365,1.21334
1,0.72338325,1.4407762
1,0.85602546,-0.73471916
0,0.06376378,0.3858803
1,0.9731883,5.190542
0,0.97834307,2.7710853
1,0.90878254,-1.2573594
1,0.7799647,-0.9010685
1,0.6691182,-0.6479137
0,0.9527389,7.697945
0,0.55535007,-0.7218836
1,0.9429934,5.428008
1,0.91995835,-0.32669955
1,0.23100314,0.12052876
0,0.9633395,1.0734926
1,0.97971714,2.2812939
1,0.97527665,-0.9460588
1,0.47864223,0.9505499
1,0.9791401,3.346489
0,0.6978006,1.400275
1,0.78917193,-0.011355748
0,0.32281017,0.4632302
0,0.23862737,0.25631002
0,0.33116892,0.025557335
1,0.72227556,-0.7454357
1,0.9810943,-1.5900421
1,0.8619215,0.09447109
0,0.7832566,-1.1288036
1,0.90276194,0.9923809
1,0.8805293,4.049666
0,0.81645775,-0.745313
0,0.7966276,1.5934258
0,0.6479452,-0.34411123
1,0.9280601,-1.3704954
0,0.39512217,-0.21976784
1,0.84967923,0.28603947
0,0.9846785,8.755678
0,0.24325392,0.52611554
0,0.95706624,15.553818
0,0.9686332,9.744854
0,0.5669232,-1.0799265
1,0.98274475,2.3580618
0,0.30516717,0.001286734
0,0.18633254,-0.09495371
1,0.98167384,-2.0448208
1,0.8372625,-0.38231048
0,0.95971936,3.7364132
1,0.86215687,-1.6034892
1,0.9917533,-1.6599311
0,0.95053077,-1.2753793
0,0.046649426,-0.5759373
1,0.75792843,-0.8754511
0,0.76322407,2.7042124
0,0.9606313,15.801252
0,0.5174019,-0.73206735
0,0.9245439,-1.2994871
1,0.941325,-1.8144734
1,0.9634105,-1.659373
1,0.9918015,1.7806828
1,0.959911,-1.7031633
1,0.5469992,-0.06977454
1,0.9591375,2.7553246
1,0.96861637,-1.760264
0,0.08874121,0.012659703
1,0.98331326,4.628398
1,0.9910619,13.55926
0,0.8794698,-0.5904385
0,0.94851017,7.0621357
0,0.7528189,-0.5640234
1,0.956753,-1.8095127
0,0.9399217,7.158595
1,0.30192313,0.4438541
1,0.97762966,-1.76259
0,0.4028973,1.3689789
0,0.9326206,8.641902
0,0.69173115,-0.61287767
0,0.92330325,5.049466
1,0.7399506,2.844186
1,0.9913529,-2.390693
1,0.07222068,0.042664763
1,0.9738706,3.7120345
0,0.9496985,-1.0885046
1,0.91877,0.89728594
0,0.27186504,0.23023549
0,0.9148795,1.9408612
1,0.6327374,0.38296926
0,0.53995913,-0.37355527
0,0.95218736,-1.2137876
0,0.7630565,-0.3932395
0,0.26585087,-0.06389487
1,0.9306177,0.9526454
0,0.65689397,1.8872477
0,0.22450036,0.25670773
1,0.9674699,-1.388483
1,0.44432566,0.16741888
0,0.068700604,-0.4448704
1,0.69520015,0.84265363
0,0.33864436,-0.6604745
0,0.7711264,1.2656354
1,0.9192759,6.078538
0,0.58627874,1.0379506
0,0.75077623,-1.080778
1,0.98631114,-1.307013
0,0.95803165,3.6507714
1,0.7948011,0.24945341
1,0.9964908,2.824032
0,0.39363116,-0.07817172
0,0.39483765,-0.2595052
0,0.9395225,3.8847857
1,0.84800166,-1.3079216
1,0.9765671,7.8887696
0,0.7562691,-0.008162315
1,0.980318,-1.3173579
1,0.720269,1.2090693
1,0.5444636,-0.1657907
1,0.93383867,1.7071692
1,0.37659764,-0.99632084
1,0.91926706,-0.87062347
1,0.9903873,-1.7845284
0,0.943048,1.2838964
0,0.7170477,1.4160439
0,0.31111166,-0.39059022
1,0.56617385,0.8189179
0,0.9594886,3.7768617
0,0.83041286,-1.0664557
0,0.65524954,-0.95778364
1,0.9889118,-1.4099128
0,0.98468816,6.08261
1,0.91615206,-1.0643189
1,0.9733748,-1.7897751
1,0.9733222,3.6201615
1,0.6945288,-0.05127137
0,0.9508545,7.160504
0,0.38020563,0.17666069
0,0.56398356,-0.62219995
1,0.94153875,9.204494
1,0.4594085,0.7934162
1,0.7293519,0.0027289093
0,0.44363564,-0.9228182
1,0.9757295,12.314499
0,0.95182574,3.696376
0,0.151359,-0.6908159
1,0.9752236,-2.0654442
1,0.8442808,1.2803655
0,0.7556881,-0.75874305
1,0.9697494,-1.5923018
0,0.82812923,0.28770757
1,0.43834057,-0.48275515
1,0.91751385,-0.14163087
1,0.5343844,-0.07142531
1,0.80766225,-0.5815077
1,0.994665,-2.35953
0,0.5472204,-0.74908316
1,0.96660936,3.197534
0,0.4322319,-0.032296766
0,0.04688136,-0.1414149
0,0.96742964,10.494906
0,0.9526114,8.940154
0,0.92800003,-1.2908843
1,0.8495122,-0.19693501
1,0.9800674,-1.3614511
0,0.23883368,0.05529537
0,0.8481751,0.97890896
0,0.11671873,-0.14094569
1,0.9210964,-1.0203345
0,0.73224336,-0.5747556
0,0.60683477,-0.8264697
0,0.38151664,-0.8271662
0,0.9869644,-1.3925196
0,0.6880796,-0.97093076
1,0.98229957,3.0504084
0,0.72583777,-0.17367572
