True_Labels,Predictions,microarray_signal,atac_accessibility
1,0.9998949,2.903111,3.112037515301683
1,0.9479944,0.1406699,1.6769156582029263
0,0.036077313,-0.85104316,0.5423242908253617
0,0.46739906,6.878571,0.0
0,0.0009165299,-1.2627985,0.0
0,0.0031297498,-1.3058201,0.0
0,0.041115217,-0.846933,0.5423242908253617
1,0.9884031,-0.57318383,2.6351499361010973
1,0.011404574,-1.4552852,2.401992439782441
0,0.0035318143,-0.59195614,0.0
0,0.89355415,1.313739,0.5481214085096876
0,0.7744716,2.0055594,0.8024354563299437
1,0.037439987,-1.2829245,1.2214957953765342
1,0.09752965,-1.7006859,2.5893635314851577
1,0.9999787,0.09447109,5.003298770078259
0,0.020367973,-0.22296943,0.0
1,0.96471006,10.206341,0.9497879007228521
0,0.00089606683,-0.84615386,0.0
1,0.99297273,-0.10045303,2.7029133742551217
1,0.47637329,2.7656648,0.0
0,0.031873155,-0.998613,0.5423242908253617
1,0.9999814,3.7622476,6.357077592265885
0,0.0010624876,-0.92110384,0.0
0,0.015890136,-0.48766693,0.0
0,0.010149748,-0.4884614,0.0
0,0.10235591,-0.96916455,1.5904852463991312
1,0.995083,2.1999192,2.449223757182582
1,0.97649705,1.3551419,1.9161633107029077
1,0.9984601,5.346676,1.409727329393178
0,0.0068535144,-1.1799041,0.5423242908253617
1,0.99743205,43.339348,0.9316559509382114
1,0.49307975,-1.8306894,5.669815292350793
1,0.9231869,-1.3374019,3.3024695403433286
0,0.11787514,0.0030350024,0.0
1,0.00067160383,-1.5938095,1.2317134812429777
0,0.00081718183,-1.3880732,0.0
1,0.012996755,-2.0448208,3.0392435519324428
1,0.99980867,4.048292,2.744351022764013
1,0.00017673588,-2.0108309,2.1477782839826096
1,0.11637304,-1.7897751,3.4666125345748204
0,0.0060107145,-1.1443346,0.5423242908253617
1,0.974565,1.068386,2.674332169849252
1,0.9999637,2.824032,3.5264032182019314
0,0.020996032,4.9266095,0.0
0,0.0004556094,-1.1632868,0.0
1,0.9953739,-0.53419507,3.051388215161587
1,0.97872,5.2554445,2.557927241403201
1,0.9969152,4.727308,0.9332883082427261
0,0.0058970586,-1.374725,0.0
0,0.29565266,1.3571904,0.5481214085096876
1,0.98530394,1.9192996,2.852746187596393
1,0.9996903,1.3075289,4.117839237535328
0,0.0018288854,-1.1587114,0.5423242908253617
0,0.062771566,-0.7561769,0.5423242908253617
0,0.0427354,-0.77245873,0.0
1,0.9958558,-1.2775416,6.026715309157608
1,0.005608648,-1.6658598,0.8991117565653116
0,0.00037549034,-1.5308958,0.0
0,0.033943307,-0.26420954,0.0
1,0.9998785,10.208806,4.207615642183312
1,0.9416318,-1.2153629,4.165931020857325
0,0.047478456,-0.6887347,0.0
1,0.6130278,-1.0956023,1.8796127855940472
1,0.99982285,10.541506,3.7338759490765514
1,0.6656445,-1.6607217,5.740486323824579
1,0.9997481,0.9505499,3.6329148245835667
1,0.028444678,-1.4527806,2.2495245333286955
1,0.16751839,-0.7587812,1.141342139491924
1,0.47721383,-0.92645353,1.5155666968240298
1,0.9882074,-0.12606217,2.736757821690419
0,0.010450345,-0.6731085,0.0
0,0.009132556,-1.349286,0.5423242908253617
1,0.94304955,2.0385668,2.4082810362607088
0,0.013699306,0.16164559,0.0
1,0.962279,-0.5405998,2.0905888562772454
0,0.55512804,1.8463733,0.0
1,0.9999864,4.308192,6.166627815887496
0,0.0037841615,-0.828943,0.0
0,0.00077368534,-1.1064848,0.0
1,0.9835198,0.14906536,3.2734251031052177
1,0.99697083,1.6439983,3.126420919723475
1,0.9999736,6.05598,4.002062722471318
0,0.0006326372,-1.0878009,0.0
1,0.9998648,-0.65631527,5.019509777615961
1,0.988816,-1.6410794,6.451974412125081
0,0.0012596961,-1.1753744,0.0
0,0.07169362,-0.7593542,0.0
0,0.046321,1.5452687,0.0
0,0.09960006,-0.73372364,0.5423242908253617
1,0.08993405,0.70801157,0.0
0,0.076019846,-0.9504849,0.5481214085096876
1,0.0068171034,-1.6121686,1.910163578406063
0,0.5774108,0.28057617,0.5423242908253617
1,0.94993144,-0.99719393,4.040614798940762
1,0.9990754,1.5008005,3.57455188298979
1,0.96022683,-0.5470162,2.417640397435037
1,0.95678216,1.5195382,2.3579282401622548
0,0.0030029807,-1.0339978,0.6108169121768182
1,0.9999955,8.786927,4.626667297138878
1,0.9999334,7.1804433,3.945014680926423
1,0.17702067,-1.1603199,2.147100190153651
1,0.9729245,4.2517114,2.277895706204923
1,0.06934534,-1.3013508,2.4238316577529178
1,0.8622736,4.4519515,0.0
0,0.0002422557,-1.3754433,0.0
1,0.99091315,-0.34859356,2.2089122816474833
0,0.00055906613,-1.5638974,0.5423242908253617
0,0.0005437386,-1.4124424,0.0
0,0.6711981,0.34536827,0.5423242908253615
0,0.0026965544,-0.99178994,0.0
1,0.9706304,-0.046848584,1.2077077561853173
0,0.0019367279,-0.8521116,0.0
0,0.2440916,-0.98981297,1.35133552101206
0,0.005283083,-1.2459972,0.5481214085096876
0,0.0034175585,-1.1332347,0.0
0,0.006058039,-0.6329953,0.0
0,0.00024696288,-1.3739897,0.0
0,0.023284733,2.6234725,0.0
1,0.74714595,1.7527828,1.3254479405143742
1,0.89297384,0.5684059,0.9829238320422372
0,0.0010370756,-0.8408868,0.0
1,0.98240834,2.8700178,2.371027275245101
1,0.017301101,-1.8580921,2.532877225754603
0,0.021532163,-0.21314757,0.0
1,0.7565569,-1.7099543,6.438621335965807
1,0.4284588,6.171889,1.4486631914701293
0,0.0009050778,-1.373688,0.0
1,0.9409137,4.049666,1.5795211513961078
0,0.0018288515,-1.3498302,0.0
1,0.008567929,-1.5988427,2.0739425790927486
0,0.025426777,-0.28957576,0.0
0,0.0023959137,-1.003076,0.0
1,0.21768479,-1.1241958,1.4168400055467854
0,0.0034164316,-1.4833047,0.0
1,0.03467788,-1.9346492,3.4758159761142915
1,0.0011700697,-1.2479932,0.0
0,0.00393634,-1.2482319,0.0
1,0.9959306,6.4868,2.7263019743267334
0,0.011681444,-1.3295254,0.0
1,0.27559996,-1.1940109,2.581132832221181
1,0.99533296,-0.6650318,2.8333129595877833
1,0.9942904,0.20367472,2.740189448142708
1,0.8285878,-1.0228565,2.283829659134858
0,0.0001989049,-1.3916354,0.0
1,0.16270323,-1.2174047,1.9238247338485304
1,0.99946517,5.678593,3.580925973892465
1,0.99758244,17.32454,2.656377661069316
0,0.0022011758,-0.6461044,0.0
0,0.0013609566,-0.9879911,0.0
1,0.0310344,-1.789625,2.4140110475975547
1,0.10507951,-1.1908041,2.6332976871155584
0,0.010968113,-0.9282573,0.0
0,0.0010456663,-1.0317625,0.0
0,0.92037237,0.44492224,0.9542699799393715
1,0.07525876,-1.629629,2.924716908897103
0,0.015087472,-0.5171956,0.0
0,0.0025273326,-1.1411685,0.0
1,0.5697932,3.0559702,0.0
0,0.01424405,-0.93816316,0.5481214085096876
1,0.5662283,0.50626427,1.0065441595612985
1,0.90620655,-1.540339,5.001544636628765
0,0.0016307009,-0.7972092,0.0
1,0.3387313,-0.19693501,1.5069406771862894
0,0.000623884,-1.0452644,0.0
1,0.9998747,-0.3554189,5.34549447929718
1,0.12019843,-1.8693585,5.109488067355243
1,0.4301281,-0.9728718,2.0360119837525
1,0.56584764,6.9718556,0.0
1,0.9973738,3.6041336,2.917142810484076
1,0.94920415,-0.47840974,1.1282754804916686
1,0.19534247,-0.041606184,0.0
1,0.99981076,3.711182,4.8289574010740655
1,0.9811427,2.0221972,2.3326213884834366
1,0.99816984,3.9747562,2.6693596699582507
1,0.06410173,-1.4451997,2.7850361324104553
1,0.9999588,-0.35615972,6.079020030077361
1,0.0054185493,-1.9911,2.8269365705143166
1,0.99996006,0.7003127,6.701249266754415
0,0.006275143,-0.63132423,0.0
0,0.027220208,0.6534461,0.0
1,0.9281236,-0.67845464,2.5362409379589503
0,0.03037653,0.6406057,0.0
0,0.00020586055,-1.6216215,0.5423242908253617
1,0.30731323,-0.473063,0.0
1,0.9676242,3.788568,2.1645828916885237
0,0.0044507436,-1.2062007,0.5481214085096876
1,0.013308275,-1.6599408,2.024576511204988
0,0.61822826,-0.60932064,0.0
0,0.034276497,-1.0316361,1.8404984288095445
0,0.55097294,1.7344414,0.7680152324434641
0,0.008954425,-1.2231814,0.5423242908253617
0,0.07870961,-0.96041214,1.584880774537586
1,0.31195965,-1.2994015,2.366135222607798
1,0.007794294,-1.8144734,2.9560562954930445
0,0.00035866653,-1.3788604,0.0
0,0.0030326683,-1.1544088,0.0
0,0.0024567703,-1.2859002,0.0
0,0.06515518,-0.117545515,0.5423242908253617
0,0.0006889589,-1.3080171,0.0
1,0.998643,2.7898788,1.6758295541922201
0,0.7206964,5.322196,0.5423242908253617
1,0.93240696,-1.4562097,5.886607936726629
1,0.58849317,-1.2573594,2.867390158286442
0,0.002219544,-0.78317094,0.0
1,0.008255483,-1.4160376,1.539845783087005
0,0.0018251003,-1.3306328,0.0
0,0.0013463912,-1.0561948,0.0
0,0.037273124,-0.9832062,0.5423242908253617
1,0.9980023,7.9510074,2.945876824428037
1,0.995916,3.468338,2.0862729928005814
0,0.12764727,1.8911605,0.0
0,0.0027484482,-0.936428,0.0
0,0.030885486,8.079065,0.0
0,0.015306075,-0.5595711,0.0
1,0.99149245,4.628398,1.1035463327871342
0,0.032965858,-0.63696444,0.5423242908253617
1,0.014577851,-1.3452823,1.4220750984007284
0,0.23685999,9.873532,0.0
0,0.006856731,-1.0563459,0.0
0,0.02056102,-0.868218,0.5423242908253617
1,0.8622474,-0.2917523,2.3535234857017673
0,0.26180056,3.1680048,0.0
0,0.0074074375,-0.5430934,0.0
1,0.70773375,-0.99632084,2.604939244089425
1,0.018448828,-1.5614008,1.3315997029088498
0,0.003964597,-0.6942179,0.0
0,0.010794425,-0.8997499,0.8605734044074594
1,0.98756295,-0.8044188,3.4298684322069732
0,0.07911887,-0.81240517,0.7040552130026738
0,0.11662104,-0.5352555,0.0
1,0.96459913,-1.2800398,6.091842873861412
1,0.65238786,-0.6846409,1.7974422165212587
0,0.0003712297,-1.2500564,0.0
0,0.007129937,-1.0190421,0.5423242908253617
1,0.9942024,-0.47495914,3.8010824340477223
0,0.0021194122,-0.88734734,0.0
1,0.99995655,1.2090693,5.976898286887026
1,0.9997214,-0.6959425,6.314584354612623
0,0.011683084,-0.3430624,0.0
0,0.33610138,-0.9403719,1.0191966245050634
1,0.9409112,-1.0489419,2.7346397806872225
0,0.0007087735,-1.0295271,0.0
1,0.8133194,0.5398357,1.2111726297191037
0,0.10364206,-0.73685765,0.5423242908253617
1,0.9785268,-0.16121964,2.1732109456556654
1,0.7078192,-1.084845,2.952521675903083
0,0.0007303642,-0.86923426,0.0
1,0.9714046,-1.2023306,4.792017106141604
1,0.9999723,0.24945341,6.606882722367955
1,0.2441944,-1.1026726,2.3666799673478374
0,0.6477282,-0.6370058,2.1605754651751594
1,0.12149047,-1.5125582,3.2226750502758255
1,0.00094659266,-1.2679695,0.0
1,0.9961269,0.307464,2.4330472642446592
0,0.17981246,-0.9413891,0.5808179955860258
0,0.15228094,2.0935688,0.5423242908253617
1,0.09087343,-1.5179377,2.787596507673471
0,0.0012927786,-1.2023232,0.0
1,0.0074189208,-1.7741241,2.2018732536855965
0,0.006889726,-0.7009395,0.0
1,0.97838134,0.37264746,2.258666912383211
0,0.865274,5.094381,1.093869878400275
0,0.015118511,-0.7200062,0.0
1,0.0210354,-1.5252267,2.3590264038989974
1,0.1796522,-1.3045594,2.672456450946485
1,0.17640601,0.50159985,0.5423242908253617
1,0.012256807,-1.6398758,1.9084427366812116
0,0.01566962,-0.7568862,0.0
1,0.9991892,3.0064898,1.534853399954064
0,0.22013234,-0.26264384,0.0
0,0.0016163368,-1.0318508,0.0
1,0.003646841,-1.8071092,2.611776116030215
1,0.48893312,-0.018814927,0.8331895885097935
0,0.024426974,-0.682033,0.0
1,0.5449248,7.994087,0.0
0,0.0096092485,-0.93608326,0.5423242908253617
0,0.51674193,-0.45763743,0.0
0,0.016127212,0.50025725,0.0
1,0.007051959,-1.264903,0.6843233178070229
1,0.017492857,-1.6049047,2.1928422290029266
0,0.0029655092,-0.90327054,0.0
0,0.010671801,-1.1584641,0.5423242908253617
0,0.013495356,-0.43171552,0.0
1,0.9560844,-0.5043964,1.297463147413275
0,0.0009962508,-1.2356006,0.0
1,0.997809,0.9321738,2.9439507445493995
0,0.0010815185,-0.8794291,0.0
1,0.9871192,-0.742815,2.339632229759834
0,5.9217808e-05,-1.6535895,0.5423242908253617
1,0.0068852315,-2.0139341,2.7555287015252894
1,0.9999995,8.185147,6.412888725869695
0,0.14694892,3.8063517,0.0
0,0.052604593,-1.053959,1.6034198401085376
1,0.050854888,-1.2968503,1.7461095306754593
1,0.99991596,2.7687519,3.540035568848585
0,0.5303258,2.5286238,0.6982951970773466
0,0.15836734,0.15511586,0.5481214085096876
1,0.063974634,-1.3704954,2.3479901177561118
0,0.0110204695,-0.16008599,0.0
1,0.0009922798,-2.097564,2.6664382441061094
0,0.63474965,6.4100494,0.6612811733121551
0,0.00024674568,-1.5146475,0.0
0,0.0009902777,-0.874659,0.0
1,0.00787901,-1.3173579,1.2972868582986712
0,9.511069e-05,-1.6801895,0.0
1,0.99504524,1.8730018,2.9199958049034715
1,0.0021930619,-2.2002208,2.4567173394716875
1,0.99989116,-0.41322884,6.551454228270261
1,0.9955265,1.3595802,3.1098814746803645
0,0.030710826,-0.93125385,0.5423242908253617
0,0.003516536,-1.0922117,0.5423242908253617
1,0.99569756,0.28603947,2.8214796877801973
0,0.30497015,0.11425107,0.5423242908253617
1,0.008063063,-1.76259,2.5273273656719524
1,0.998677,2.2812939,2.3748157280157765
0,0.00025590396,-1.2814088,0.0
1,0.05703211,-1.2378185,2.196192298688155
0,0.00021339869,-1.4940556,0.561607159320348
0,0.00035351745,-1.6776527,0.5481214085096876
1,0.9954915,-0.24135351,2.489037889400315
0,0.000540702,-1.2325121,0.0
1,0.53681314,-0.9407805,2.0230418532177112
0,0.0012412394,-0.8869142,0.0
1,0.9268576,0.14865561,2.145742621501076
1,0.9999467,1.7806828,3.472937729856277
0,0.00032067255,-1.2767332,0.0
1,0.014897852,-2.1969004,4.116986818300997
1,0.1099452,-1.4614766,3.4565913963763735
0,0.0024749637,-0.9337,0.5423242908253617
0,0.007113072,-0.11711204,0.0
0,0.4602448,5.7198124,0.5423242908253617
0,0.10022735,-0.2693803,0.5423242908253617
1,0.7909529,-1.4039804,4.615423888258016
0,0.00431568,-1.2979833,0.5423242908253617
0,0.0037651777,-1.3207291,0.0
0,0.068146765,-1.5333318,2.5993387967177535
1,0.00032746815,-2.1131282,1.9846876587266247
0,0.98667145,4.7243457,0.601314817103171
0,0.011962215,-1.3820542,0.5423242908253617
1,0.99795336,11.278043,0.6135945488579917
0,0.0010735503,-1.4746898,0.0
0,0.14687812,-0.4902889,0.0
1,0.521676,-1.1683133,2.813426845662223
1,0.7510689,0.2516685,1.5209944254202747
1,0.2608229,-1.3417819,2.9513420926646794
1,0.6926386,-0.91327566,2.1973679362354686
0,0.052996356,-0.3254118,0.0
1,0.0037516179,-1.562192,2.355177543113216
1,0.008414657,-1.5923018,2.2897286078785046
1,0.9973059,0.48201036,2.5356406480136613
0,0.021232385,-0.91547817,0.8449202680642584
0,0.0022771617,-0.832931,0.0
0,0.011050227,-1.2705568,0.9675969294042662
1,0.9854794,0.49053222,2.8431589780339808
1,0.96069,-0.6928996,2.7736718048488385
0,0.0014233006,-1.0904198,0.0
0,0.015792884,-1.2324661,1.3315997029088498
0,0.117209196,0.3228321,0.0
0,0.0017791137,-0.88638073,0.5423242908253618
1,0.98473585,4.5823812,0.0
1,0.0022457864,-1.4867938,1.120731438006847
0,0.06643904,-0.33332187,0.0
0,0.063808516,-0.76509786,0.0
1,0.96505946,8.763479,1.9280558529434353
1,0.027307792,-2.4944713,4.866984050874562
0,0.0012330812,-1.031994,0.5423242908253617
1,0.99972594,2.8404925,4.051602602988757
1,0.53417665,-1.0203345,2.305484112579562
0,0.011992613,-0.28081605,0.0
1,0.10644933,-1.160382,1.7974422165212585
0,0.78279245,1.4593713,0.7608058290337599
1,0.91644067,-1.1020541,4.687749376301216
1,0.999842,0.7278789,3.6877255628309262
1,0.0028472063,-1.9121078,2.44520410014005
1,0.99983644,1.084308,4.938630402548498
1,0.1606996,-1.1304513,2.2069974553470146
0,0.012331493,-0.27310017,0.0
1,0.53541756,-1.2949486,3.064340124693561
1,0.6388434,-0.117669724,1.0622605742787585
1,0.022605589,-1.6652573,2.3435412720595394
0,0.0129645085,-0.86101806,0.5423242908253617
0,0.023737326,-0.86783063,0.8230429400140501
1,6.6843736e-06,-2.4129577,1.1275236321625297
1,0.9943123,1.2822651,2.699568092957654
0,0.32677153,-0.13031973,0.5423242908253617
1,0.9821756,-0.45589152,2.836339382693389
0,0.3510675,2.0151508,0.0
0,0.0030096408,-0.86866474,0.0
0,0.003749615,-1.0481743,0.0
1,0.9991298,0.8189179,3.7218695690519406
0,0.003346383,-1.1645209,0.5423242908253617
0,0.013829823,-1.2640617,0.5423242908253617
1,0.02146673,-1.9415435,2.1732109456556654
0,0.0011178262,-1.0333236,0.0
1,0.28945628,-0.9737017,2.3227039258264575
0,0.5139667,-0.1655677,0.5423242908253617
1,0.60017514,-1.0691962,2.7862003000626583
1,0.0004424234,-2.1871545,2.0884332528718
0,0.022280185,-1.4750651,2.044315659059297
1,0.9865573,3.063927,2.2171677527703677
0,0.00082866405,-1.2078191,0.0
0,0.0026924424,-1.1389295,0.8076272764719904
0,0.00049415673,-1.2970654,0.0
0,0.0013633671,-0.9289085,0.0
0,8.026034e-05,-1.6033771,0.0
1,0.65507954,-1.0643189,2.5521318307980687
0,0.0009025899,-0.71740514,0.0
0,0.011513347,-0.75704277,0.0
0,0.0004885151,-1.5372984,0.0
1,0.93892807,-0.35794562,1.8936947706927942
1,0.25890693,-2.1837723,4.986854765430853
0,0.002054199,-1.0033065,0.0
1,0.07608034,-1.4862078,2.624709498292364
1,0.9996007,4.9515963,1.7760452471953188
0,0.92304105,-0.51430964,0.5423242908253617
1,0.985192,-0.44145924,2.6221174211032854
0,0.0018503793,-1.0646741,0.0
1,0.010037603,-1.8110589,2.384492066805868
0,0.001492752,-0.831189,0.0
0,0.0038013926,-0.82456076,0.0
1,0.20903175,-1.3613459,2.2938372646512932
0,0.0047981194,-1.1144295,0.0
0,0.499656,-0.85096276,0.8206605008589051
1,0.99556386,5.413987,2.376974131635665
1,0.001041199,-1.7517684,1.9389737050586564
1,0.99999714,0.35704637,7.402089633944616
0,0.0003746554,-1.3272338,0.5917215653468162
1,0.9999017,2.8224728,4.10689982264695
1,0.0013214818,-1.8572162,0.8645531089466408
1,0.55684954,2.6896954,1.5607896736766518
1,0.90563065,-1.0394425,2.994295758388996
0,0.046297543,-0.4845851,0.0
0,0.0007456743,-1.536764,0.5481214085096876
1,0.9984533,0.6032177,3.2804381473234
0,0.035829894,-0.6142297,0.0
1,0.88849896,-1.4464213,6.509047450241258
1,0.9968887,0.018217659,2.930914143436999
1,0.04211257,-1.3707803,2.170564079909198
1,0.9984068,9.475655,3.206688962584054
1,0.9535126,-0.6022804,1.884034745337226
1,0.0011509082,-1.3322966,0.0
1,0.99669564,0.15689506,2.5516541708200347
0,0.008127206,-0.6645045,0.0
0,0.009454198,-0.71358263,0.0
1,0.9843575,-0.13780358,2.604605411991946
1,0.999679,0.80817515,4.896080911692815
0,0.0009899097,-1.200409,0.0
0,0.0001399516,-1.1778973,0.0
0,0.011328736,-0.79807323,0.5481214085096876
0,0.10494137,0.8430023,0.0
1,0.8003634,5.5340376,0.0
1,0.057029843,-1.3569335,1.9653512761216188
1,0.9998946,13.55926,4.192378302493467
0,9.9116995e-05,-1.502525,0.0
1,0.16794991,-1.0719869,0.5423242908253617
0,0.035766937,-1.2885424,1.946462991601413
0,0.0022707088,-0.81934994,0.0
1,0.99896264,2.6365623,2.906036946083296
0,0.010113976,-1.0895077,0.5481214085096876
0,0.9361543,6.2459936,0.776064165448925
1,0.029530253,-1.7031633,2.692729129520109
0,0.026194245,-0.2716402,0.0
0,0.06758614,0.3559204,0.0
0,0.08130769,-0.41884208,0.5423242908253617
1,0.9672857,-0.48324105,2.6982605025082806
0,0.43187848,-0.29534343,0.0
0,0.00025774553,-1.3877083,0.0
0,0.5289438,0.31562945,0.0
0,0.00052020705,-1.3763998,0.0
1,0.32502785,-2.240436,6.21781890600019
1,6.965981e-05,-1.9199282,0.7407077103906129
0,0.0038967843,-1.0724454,0.0
0,0.0006539502,-1.2111845,0.0
0,0.01062791,-1.1971879,0.5423242908253617
0,0.23393126,-0.5488077,0.759146328011742
0,0.021506872,-0.8420096,0.0
1,0.4657687,-0.7630217,1.8435150223489705
0,0.18165244,-0.57257205,1.048110983912951
1,0.99819785,8.986729,3.0213842998746587
0,0.8108605,-0.061312817,0.5423242908253617
1,0.5617452,-0.12670076,0.0
0,0.00054606464,-1.187927,0.0
1,0.9876575,-0.4043925,2.4992985554378464
0,0.007880442,-1.4103097,1.236301691441296
1,0.9939714,-0.6144988,3.204210751903757
1,0.8931432,-0.5757803,2.126540568541002
1,0.9384687,1.0912175,1.881383916628718
0,0.014984863,-1.244143,0.807091439909163
1,0.99993825,4.2769194,5.099540843749565
0,0.0013245625,-0.7383597,0.5423242908253617
0,0.0055739935,-1.3192319,0.5423242908253617
1,0.7648691,-0.2745799,0.0
0,0.92110443,-0.09843101,0.7231756501291057
1,0.9982627,1.8393495,3.0407210588027516
1,0.9999415,7.3273816,3.401028012481296
0,0.012323756,-0.8584015,0.5481214085096876
0,0.031082783,-0.19549856,0.0
0,0.0017097603,-1.1757872,0.0
1,0.999438,4.604401,3.4575065700181695
0,0.38246277,-0.018396301,0.0
0,0.00062481314,-1.2127777,0.0
1,0.99973905,3.3514988,5.081079226979554
0,0.001076693,-1.0535097,0.0
0,0.0024309382,-1.2666379,0.0
0,0.0011746685,-0.7826388,0.5423242908253617
1,5.7546793e-05,-1.891514,0.5423242908253617
1,0.87563926,-0.7345022,2.5525150507930205
1,0.962208,1.9960696,2.792658154547549
1,0.8286305,-1.8151766,6.743000455150101
0,0.088203624,-0.6508991,0.0
1,0.0026749973,-1.3870766,0.0
0,0.008820176,-0.88274825,0.0
0,0.002607294,-1.1854728,0.0
0,0.03835425,0.58012736,0.0
0,0.0037376266,-0.7072468,0.0
1,0.9992707,5.190542,1.9490388899898448
0,0.02559991,-0.55170906,0.0
0,0.027732251,-1.2357657,1.3130297057311815
1,0.99932736,6.078538,3.6893229041625255
0,0.0005444714,-1.3503892,0.0
0,0.02376644,0.24769205,0.0
1,0.9175634,-0.6702772,1.3911214018682065
1,0.10653745,-2.052473,5.4285795602733335
1,0.9972908,17.005714,1.4321616711201766
0,0.0058583836,-1.0690002,0.0
0,0.007426303,0.04628815,0.0
1,0.0063234307,-1.7386504,2.4472159483652987
0,0.0044217757,-0.77597404,0.0
0,0.038198154,-0.7526155,0.0
0,0.013967777,-1.2440615,0.5481214085096876
0,0.006322496,-0.94905823,0.0
1,0.8510529,0.5470078,1.154240260772633
1,0.67296207,-1.416731,4.151846032504172
1,0.99998695,0.82413554,6.322041271093325
0,0.0098798275,-1.1404692,0.5423242908253617
0,0.0010726745,-0.8645885,0.0
1,0.9999945,5.3377934,7.0110570478420815
0,0.16254179,4.6766315,0.5423242908253617
1,0.23332012,-1.7610878,3.8741335348104413
1,0.057981383,-1.2726324,1.4196043400014235
0,0.010680277,-0.86907214,0.0
1,0.00013520804,-1.8661218,0.6249942923227189
0,0.14448704,-0.648438,0.0
1,0.00018560463,-1.9009221,0.663020475156438
0,0.64982647,0.67044026,0.5423242908253617
0,0.000976797,-1.3540126,0.0
0,0.016253274,-0.88372517,0.0
1,0.7366857,-1.9087292,7.160926110320271
0,0.0020505309,-1.0783924,0.5423242908253617
0,0.025638323,0.0785645,0.0
0,0.002406518,-1.0688607,0.0
1,0.21945189,-1.0625703,1.3407569654743972
0,0.28631312,-0.13821988,0.5423242908253617
1,0.8643702,-1.1043259,3.2291327200320206
0,0.55431503,-0.54064786,0.8991117565653117
0,0.0010221442,-0.98786396,0.0
1,0.020872392,-1.2873675,1.0958126744781687
1,0.75475305,-1.6722668,5.539830830508211
0,0.0026243723,-0.87296885,0.5423242908253618
0,0.0002923398,-1.2364212,0.0
1,0.070185,-1.2958101,1.942736916910417
0,0.0004805812,-1.1423899,0.0
1,0.9985656,4.327499,1.9331096774577161
0,0.0003075759,-1.2479427,0.0
0,0.021514557,-0.34418386,0.0
1,0.8452859,-1.7591511,6.081264522260437
1,0.9761604,-0.019088935,2.4046174959785005
0,0.0074219243,-1.1250906,0.5423242908253617
0,0.015537855,-0.8220534,0.5423242908253617
1,0.7261833,0.7934162,1.2300177672238375
1,0.000391276,-2.113653,1.0514571507508321
1,0.9662364,-1.6230419,6.702662544716555
0,0.018920146,-0.016206792,0.0
0,0.27588472,3.74228,0.0
1,0.063066445,-1.6734134,3.2923780836607004
0,0.25228935,1.0362171,0.5423242908253617
1,0.99990165,8.2378845,3.764811366715227
0,0.0006561902,-1.0457245,0.0
1,0.6217091,-0.9633069,2.553419119161982
1,0.8783574,0.16741888,2.006003320379036
1,0.85814035,1.5507753,0.0
1,0.069015115,-1.3206564,2.3568288691359967
0,0.09672345,-0.20469522,0.0
0,0.0024010087,-0.5378615,0.0
1,0.99596477,3.4980834,1.7521687951745601
1,0.3673469,-1.3695194,3.1976060573317935
1,0.032328863,-1.7755712,2.92577263305312
0,0.00071101857,-1.0016221,0.0
0,0.0055207703,-0.726288,0.5481214085096876
0,0.006931368,-1.4920431,0.65403940220576
0,0.0513404,0.6608099,0.0
1,0.7330916,-0.71022296,1.7400133275555099
0,0.024000786,-1.0401382,0.5423242908253618
0,0.01476319,-0.7101479,0.0
1,0.8006431,-0.98962027,3.133430376597187
1,0.8548626,-1.8314202,6.3406606464971915
0,0.0006782034,-1.223915,0.0
0,0.00092759007,-0.94486666,0.0
0,0.74454767,0.16667245,0.0
0,0.053206164,-1.1529787,0.5423242908253617
1,0.9984898,-0.44451374,3.655080789247562
1,0.6337784,0.7077141,0.5423242908253617
0,0.31484106,3.0259228,0.5423242908253617
1,0.19972685,-2.3962476,5.9020688783395165
0,0.00088099693,-1.0193009,0.0
0,0.0034493317,-1.0047868,0.0
1,0.9616591,-0.7454357,2.773344484966269
0,0.0010339511,-0.94485474,0.0
0,0.004315424,-0.7667039,0.0
1,0.041598953,-1.6034892,1.9822909596964553
0,0.03985267,-0.46868274,0.6552969564288477
1,0.5085528,-0.5927207,1.4991909254262914
0,0.0030145054,-0.81798255,0.0
1,0.13244194,-1.3636246,2.469574659446925
0,0.008597764,-0.13930595,0.0
0,0.00033523826,-1.3441874,0.0
0,0.016869167,-0.95436794,0.0
1,0.68100476,-0.8627922,2.2647157244277563
1,0.99997675,-0.6825227,6.228359086472418
1,0.36103043,-0.40151468,0.0
0,0.10042439,-0.8513273,0.5423242908253617
0,0.02977162,-0.9656979,0.5423242908253617
1,0.9998215,1.6823899,3.644969700055168
1,0.9999981,3.4320369,5.413895464153603
1,0.0003074812,-1.7596054,0.0
1,0.0022383514,-1.7248334,1.8136682472606627
0,0.033658963,0.3738815,0.0
0,0.019568488,-0.48162502,0.0
0,0.009450542,-0.6986505,0.0
1,0.9690953,0.2524364,2.80576706219208
1,0.12871715,-1.0385782,0.5587131250187084
0,0.00680838,-0.9182218,0.0
0,0.088116966,3.6258361,0.0
1,0.99968404,-0.4284145,4.196998191760673
1,0.99929124,2.621115,2.916889786188031
1,0.9999364,-0.421975,7.048506143152601
1,0.29626212,-1.2990297,2.911100760387836
0,0.00051797833,-1.2587767,0.0
0,0.7097511,2.612638,0.5423242908253617
1,0.22441806,-0.6797357,0.0
0,0.00030832368,-1.2861322,0.5423242908253617
0,0.42466697,-0.25942096,0.5423242908253617
1,0.76335806,-0.7770178,1.0128904025083516
0,0.0022962247,-0.80591303,0.0
1,0.9996686,-0.77511173,5.892655551968721
1,0.95907474,0.7175621,0.0
0,0.0033656957,-0.19470459,0.0
1,0.9996265,12.314499,4.285918656874641
0,0.0007368599,-1.0414104,0.0
1,0.55024946,-0.87062347,1.8919453290958639
1,0.5720356,-0.77119505,1.9006620913102807
1,0.18292722,-1.4808235,2.096314518042582
1,0.9622513,0.20242628,2.3946054096501945
0,0.12842833,-0.55023926,0.0
1,0.996771,6.3352594,2.556576937379672
1,0.43881512,-1.65539,4.4263434828145805
0,0.084541716,-0.90726125,0.8919980393051105
0,0.0011979993,-0.97029585,0.0
0,0.0845047,-0.45973662,0.5423242908253617
1,0.0042588194,-1.480274,1.3647741305551306
1,0.0010050562,-1.4890113,0.7379354923823291
0,0.26412082,-0.14727621,0.0
1,0.7704865,0.44127232,0.0
0,0.030851247,-0.8545511,0.5423242908253615
0,0.00053313305,-1.0069828,0.0
1,0.9920052,-0.70066375,2.9041297281000498
0,0.0005576887,-1.0222678,0.0
0,0.064473905,-0.7047295,0.5423242908253617
0,0.059549183,-1.6340659,1.0140705867915283
1,0.9450584,0.98609734,2.4597956028920107
0,0.0021056673,-0.87908065,0.5423242908253617
1,0.84194636,-0.9603247,3.4811904603126296
1,0.00047325128,-2.1437588,0.8033922988229601
1,0.15625057,-1.180765,2.1230724906169636
1,0.8999028,1.0579345,2.030691699278116
0,0.0007528423,-1.2771595,0.0
0,0.07468801,-0.39602715,0.0
0,0.0003606691,-1.5581185,0.5481214085096876
1,0.99996346,0.64662904,4.4514774657974385
0,0.08949713,-0.2856363,0.5423242908253617
0,0.004068406,-1.2996804,0.5423242908253615
0,0.00089054235,-1.131031,0.0
1,0.9791698,-0.05127137,2.0599791790677076
0,0.0053401347,-0.106137544,0.0
1,0.9187167,0.5157689,1.6460497664146687
0,0.0002641371,-1.1466876,0.0
1,0.97711146,0.72557807,1.7942125981961319
1,0.9860465,4.582075,2.156551914556703
1,0.9334726,2.2773135,0.947539305147053
1,0.35758176,-1.1530468,1.9629077254238845
1,0.06760442,-1.0704606,1.4266000933674505
1,0.19183867,-1.5475727,3.1296144111119304
1,0.8222416,-1.2675898,4.83617629461586
0,0.85105914,1.9193105,0.0
1,0.014905642,-0.8714566,0.0
1,0.9999503,0.94096726,5.806284715788119
1,0.8198086,0.38296926,1.7369512327330598
1,0.46278164,1.9516464,0.0
1,0.9944578,-0.31335452,3.3561212795594195
0,0.0025825053,-1.2728233,0.5481214085096876
1,0.9659273,3.6201615,0.8721298360883852
1,0.9459266,2.2265148,0.0
1,0.50162876,-1.0962389,2.4617577040016903
1,0.9875931,0.3425736,2.3704622885825897
0,0.4402939,0.81308615,0.5423242908253617
0,0.0008407071,-1.3756628,0.5481214085096876
0,0.00096833846,-1.0306418,0.0
1,0.17069943,-1.6826944,3.668059373904172
0,0.07349511,-0.6529776,0.0
1,0.0044546598,-2.0717773,2.6092155380272506
1,0.9999832,3.2326648,5.396459675780083
1,0.992543,-0.39488316,2.893056323266834
0,0.015220322,-0.47465038,0.0
0,0.020696484,-0.7163785,0.0
1,0.89162564,1.8214661,0.0
0,0.004973857,-0.8178281,0.5423242908253617
0,0.0050409045,-0.81935495,0.5423242908253617
0,0.00086373044,-1.034901,0.0
1,0.59137064,3.1325128,0.0
1,0.99541074,1.9176311,2.6971468894253072
0,9.0172674e-05,-1.4311283,0.0
0,0.0017204079,-1.1215367,0.0
1,0.22941256,-1.3079216,2.516739979937873
1,0.08957811,-1.4032639,2.566548574310251
1,0.6872442,0.05918442,1.9364647598220894
0,0.0073856693,-0.6270163,0.0
0,0.33376256,-0.86238015,0.6630204751564381
0,0.14796801,-0.05485348,0.5630384952129249
0,0.0021339282,-0.8504432,0.0
0,0.23185904,-0.24145384,0.0
0,0.060993556,-0.3948762,0.0
0,0.001403588,-1.0735435,0.0
0,0.12933291,-0.6287312,0.9339405058092337
0,0.0048727007,-0.96412635,0.5423242908253617
1,0.76503587,-0.21649614,0.5423242908253618
1,0.97455144,1.5007849,2.447215948365298
0,0.018320376,-0.72019607,0.5423242908253617
1,0.7084491,-0.69171554,1.3706893630510009
0,0.060498923,-0.7743353,0.0
0,0.00028002323,-1.2114198,0.0
1,0.55144525,-0.7585337,1.7561880034431874
0,0.076071225,0.24691737,0.0
0,0.77970654,-0.54735976,0.0
0,0.0006090565,-1.2838953,0.0
0,0.09142089,-0.68868136,0.0
0,0.0004906792,-1.2459126,0.0
1,0.99319917,7.5905657,2.86595419708132
0,0.009945819,-0.23132227,0.0
1,0.9999195,-0.08734352,5.841776843638301
0,0.22510445,3.627337,0.0
0,0.0025312149,-0.5086785,0.0
1,0.102090806,-1.8076608,3.1119405932933115
0,0.69204104,2.5268307,0.5423242908253617
1,0.9168735,-0.07142531,0.7379354923823291
0,0.11869807,-0.94933486,0.8076272764719904
0,0.0046254266,-1.1114163,0.0
1,0.004252212,-1.947251,2.374995773027516
1,0.9884868,0.35818005,2.2677264650019433
1,0.9579005,0.28486624,1.9364647598220897
0,0.016704548,-0.66476107,0.5423242908253617
0,0.08500879,-0.8995371,0.5423242908253617
0,0.0017557306,-0.72758377,0.0
1,0.99987316,0.817238,3.824431988338886
0,0.07928189,-0.95729786,0.0
0,0.0028559747,-0.98530847,0.5481214085096876
1,0.92706144,-1.3486955,3.9564102497886937
1,0.78465384,-0.51717407,1.8212138709892622
1,0.2960082,-1.2931587,2.3238414385881416
0,0.82521033,-0.42790315,0.8679133857094504
0,0.0104384795,-1.2265048,0.8919980393051103
1,0.99953204,5.243687,2.706085907548798
0,0.0010607439,-1.1796522,0.0
1,0.0004747593,-2.2179506,2.5629311933053
0,0.43259868,2.0985873,0.0
1,0.99969375,3.7120345,3.152529218516367
0,0.058951136,-0.90642637,1.1866625523513314
1,0.7203659,1.8505929,0.8175150948438129
0,0.0023025537,-0.77011853,0.0
1,0.90864366,-0.09594749,0.5423242908253617
1,0.009473351,-1.4743822,1.7809485531238396
1,0.04589456,-1.2141453,1.8997938263384597
0,0.004075395,-1.1974767,0.5423242908253617
1,0.9999971,1.3650553,6.215318652370547
1,0.8150559,-0.61091435,2.230361200925648
0,0.001233885,-1.0447736,0.0
1,0.9999727,0.3716518,6.923713476583401
1,0.9996082,6.3281484,4.00095954423304
1,0.99812895,1.6782953,3.0117167417585815
0,0.002055841,-1.050859,0.0
1,0.21846813,-0.5096699,0.0
1,0.012804893,-1.5100318,1.625692189790032
1,0.17704406,-1.2838249,2.2203248746967588
0,0.0005959288,-1.5415447,0.0
0,0.81090474,8.304793,0.5423242908253617
1,0.786178,0.17449473,1.9612753681193695
0,0.012700029,-1.0388547,0.5481214085096876
0,0.086180635,-0.5967408,0.0
1,0.9932516,16.313625,2.820552892528391
0,0.0010876199,-1.1869102,0.0
0,0.025402766,-0.44636145,0.0
0,0.001447794,-1.0791056,0.0
0,0.000733735,-1.2575625,0.0
0,0.0013527567,-1.3226904,0.0
0,0.02995395,1.1005977,0.0
1,0.9511895,-0.6479137,1.9297433006111226
0,0.0059238425,-0.8978942,0.0
1,0.999847,12.192314,3.4081943510556956
1,0.9996368,2.269165,4.733981788551344
0,0.00036855767,-1.2432353,0.0
0,0.13181652,4.7901297,0.0
0,0.008218598,-1.2469139,0.5423242908253617
0,0.07635084,-0.46728155,0.0
1,0.99994457,-0.48136538,6.157470253630661
0,0.03017939,-0.9418142,0.0
0,0.0004295865,-1.403427,0.0
1,0.17591128,-1.3386314,2.1034257995910277
0,0.00037762316,-1.3961293,0.0
1,0.03152088,-0.9036707,1.7955158460625307
1,0.04729933,-2.3846984,5.295797662500278
1,0.00097238226,-2.0141535,2.265921108622454
1,0.93396413,1.2846754,2.115400116017939
0,0.005684942,-0.37812296,0.0
0,0.004557671,-0.6762239,0.0
1,0.9999734,4.4671097,3.8594317553082558
1,0.9975325,3.346489,2.5796423733238156
1,0.6975517,1.1856573,1.1320262663017513
0,0.04840082,-0.9001182,0.5852745516125984
1,0.99801576,0.15467246,3.401444662913584
0,0.067861505,-0.17437887,0.0
1,0.5447753,-0.029434634,0.7379354923823291
0,0.06867961,0.23996672,0.0
0,0.041588075,4.4426475,0.0
0,0.18614563,3.4891856,0.0
0,0.005114841,-0.789622,0.0
0,0.008102636,-0.058911342,0.0
1,0.29146197,-2.3575058,6.612976038094631
0,0.01720973,-0.60685563,0.0
0,0.118506856,-0.64439875,0.0
0,0.006621694,-1.0155176,0.5423242908253617
0,0.18714257,-0.3884201,0.0
1,0.038124975,-1.5229895,2.099876480094143
0,0.052032895,-0.5271815,0.0
1,0.0016416297,-1.8932039,1.8444335303484338
0,0.005562959,-0.5440949,0.0
1,0.58662015,2.35007,0.0
1,0.19274572,-1.2574059,1.355835153635182
0,0.00052214944,-1.2480912,0.0
1,0.996175,1.0752256,2.5282544839459327
1,0.0001754002,-2.390693,1.3130297057311815
1,0.9999346,3.0504084,3.7825644136697476
1,0.44985154,-2.1599581,6.547323633088715
0,0.010336783,-0.92080855,0.6418538861723947
1,0.024809107,-1.8184863,2.7036318524089102
1,0.0012860544,-2.3223648,3.0122880161921324
1,0.99767154,-0.10879597,3.288486140106124
0,0.0062031234,-1.436641,0.6616470456095886
1,0.030386457,-1.2272111,0.5423242908253617
0,0.00055215653,-1.3075299,0.0
0,0.48893577,2.6828883,0.0
1,0.5227174,-0.773937,2.19349001396098
0,0.96004975,2.1049752,0.6986638506086486
0,0.008561224,-0.8520781,0.5423242908253617
0,0.032400448,-0.87788755,0.0
1,0.6911218,-1.2661576,2.971683304587066
1,0.94489145,1.0198487,0.0
1,0.99304056,1.01857,0.9915777322032188
0,0.0026604456,-0.9754183,0.5423242908253615
1,0.47707194,-1.2451617,2.5222127935225247
0,0.00631152,-0.6064049,0.0
1,0.9992148,5.56894,3.4723971351889915
0,0.0008718465,-0.9885749,0.0
1,0.92735785,-0.49356902,1.2551564152791235
1,0.9999594,-0.8057981,6.330931287659122
1,0.3984665,4.092262,0.0
0,0.0016422052,-1.4024435,0.0
1,0.99622625,1.6412358,2.472028380790353
1,0.00034584338,-1.3893569,0.5423242908253617
0,0.006044573,-0.89041877,0.0
0,0.0018953076,-0.9480523,0.5423242908253617
0,0.0014208509,-1.2271804,0.5423242908253617
0,0.0019072011,-1.2350354,0.5423242908253617
1,0.53724605,-1.3546946,2.82046160715825
1,0.8191379,0.5545553,0.5423242908253617
1,0.2396072,-0.7555502,0.0
0,0.16551909,-1.2585744,0.5481214085096876
0,0.0048020943,-1.2436379,0.7351555678121409
1,0.004066432,-1.7738324,1.8954411570879433
0,0.35848564,-0.7148466,1.08606072808611
1,0.99018675,-0.93401414,5.367209050119965
0,0.07004802,2.518485,0.0
1,0.9997484,4.2240434,3.223137697913651
0,0.9884228,16.696745,0.5423242908253617
1,0.00037673127,-2.4153285,2.612628187087684
1,0.006998309,-1.9483039,1.7760452471953185
1,0.9999523,11.8448105,4.333158241638201
0,0.0014485663,-1.0523392,0.0
0,0.00558245,-0.69256324,0.0
0,0.458151,-0.8492339,0.6019087001256741
1,0.9733064,3.8174536,1.6084051212243013
0,0.32226655,0.07820115,0.5423242908253617
0,0.0016968604,-1.3006127,0.7211388299968133
1,0.99999154,1.9447054,6.6341517023140995
0,0.012367349,-1.0421542,0.0
1,0.00071664,-1.5737016,0.9980193624937561
0,0.0030903986,-1.4823432,0.5423242908253617
0,0.0070026577,-1.2081494,0.5423242908253617
0,0.01988229,-0.5911435,0.0
1,0.99078465,-0.5373868,3.0550505396128855
1,0.020714594,-1.5761662,2.4512275427801256
1,0.9939845,-0.42413276,2.904757039121094
1,0.7280646,-1.6718595,5.541142728246189
1,0.9995331,-0.09082354,4.092069125916984
1,0.20241974,-0.9460588,0.5423242908253617
1,0.0034326336,-1.8834785,2.0666177314977228
1,0.5276279,-0.93443596,2.3328952571142794
0,0.038362537,-1.0071177,0.0
1,0.9999633,6.223526,3.556867643666566
0,0.0002773849,-1.2089976,0.0
0,0.0005334271,-1.2467602,0.0
1,0.99876213,0.51385397,3.578659480139918
1,0.9998996,-0.12786533,4.597294902347457
0,0.0007385394,-1.2382779,0.0
1,0.0017604411,-1.7831601,1.1301526319449533
0,0.060652286,-0.24465165,0.0
0,0.006072236,-1.2660897,0.5423242908253617
1,0.009167306,-1.9530652,2.1947843263585405
0,0.0045496626,-1.0716219,0.5423242908253617
0,0.023956763,-0.48265123,0.5423242908253617
1,0.928688,-0.61881065,2.433556760703358
0,0.084642366,1.8563606,0.0
1,0.33575714,-1.307013,2.923352336024032
1,0.99766845,8.719986,1.992998185154215
1,0.9508289,-0.56004566,2.5347587179357274
0,0.021297866,-0.96530145,0.0
1,0.8125829,2.0336227,0.0
0,0.024923598,-1.1147738,0.5481214085096876
1,0.99985534,2.721376,4.168270586180629
1,0.99980396,1.948487,4.3227377509063984
0,0.006142757,-0.84334517,0.0
0,0.42714036,-0.23871389,0.5423242908253617
0,0.00021537881,-1.3140619,0.0
1,0.9964649,2.453732,2.7466296830696852
1,0.9975146,0.5013976,2.730826475673231
1,0.81685776,3.556916,1.3968832615988447
1,0.049644902,-1.3746895,2.4197084128779403
1,0.9967158,1.7887036,2.6813308047898334
1,0.89861333,0.67551273,2.3083747521385303
1,0.41239488,-0.13002121,0.0
1,0.77142966,-0.10094326,0.0
1,0.99999976,5.127804,6.642751728209049
1,0.99564505,3.197534,0.712949807856125
1,0.003457254,-1.8644564,1.8003248320869785
0,0.0064649056,-0.93789583,0.0
1,0.5894514,-0.33024284,1.4541037368530156
1,0.999862,9.990818,3.788425517916196
1,0.013169775,-1.9786086,3.1667570625412518
0,0.0004922558,-1.212668,0.0
1,0.9230095,11.442966,1.330065306563137
1,0.9861802,2.2295175,2.9385131368078254
0,0.0008980883,-1.4708523,0.5423242908253617
1,0.93696,4.093604,1.7897143686821007
0,0.361895,-1.0645987,0.7893367389934146
0,0.00050803134,-1.0876416,0.0
1,0.99837214,0.33547166,3.0737530874606063
1,0.8857987,9.204494,0.0
1,0.96535087,-0.6016121,1.0086640520051702
0,0.00041562392,-1.3174459,0.5423242908253617
0,0.00021858797,-1.4110993,0.0
1,0.5915313,0.23041214,0.0
0,0.6142775,1.554972,0.5423242908253617
1,0.9690604,3.765081,1.4568129498285953
1,0.7327969,-0.14061254,0.0
0,0.00064281933,-1.1337057,0.0
1,0.5369377,-0.13469721,0.0
1,0.9999793,9.760037,2.4072356792922927
1,0.99776614,2.120105,2.82502048123373
1,0.9999561,0.77144516,5.853273930038217
0,0.00230093,-0.79510903,0.0
0,0.0008750119,-1.3980883,0.0
0,0.011258879,-0.9795804,0.5481214085096876
0,0.9870003,4.7792163,0.7829878845597349
0,0.16063231,-0.3642155,0.0
0,0.003282181,-1.1150913,0.5423242908253617
1,0.97136074,0.6045534,2.0145588753095813
0,0.0007772753,-1.0696987,0.0
1,0.9953269,1.2030153,2.887873119183487
1,0.9356479,-0.26948485,2.206358364254785
0,0.01188628,-1.0646425,0.0
1,0.999988,6.8100786,6.710226810010204
0,0.38667235,0.87478447,0.5722544761819816
0,0.018287053,-1.2151332,0.5423242908253617
1,0.9681883,-0.33376658,2.6291000862958036
0,0.0068914914,-0.7824324,0.0
1,0.99690384,-0.18926686,3.088340860125334
1,0.0019363445,-1.0126292,0.6044922248955591
0,0.0022831964,-1.0086298,0.0
1,0.6644977,-1.0781466,3.0054190755951473
0,0.34764183,5.060681,0.0
0,0.00017868144,-1.4191165,0.0
1,0.0036971802,-2.035932,2.8545960001216186
1,0.045201942,-1.3161371,2.4487221827857986
0,0.0005764887,-1.0031018,0.0
1,0.010162585,-1.7551422,2.0898708379768216
1,0.72930396,2.9423158,0.0
0,0.09182746,0.86124045,0.5423242908253615
0,5.463219e-05,-1.7468488,0.0
1,0.96841735,-0.3649211,2.207636138262669
0,0.003912147,-1.1827981,0.5423242908253617
0,0.01973878,6.4297137,0.0
1,0.98467815,0.84328634,1.903262372064678
0,0.16707295,-0.07665261,0.0
1,0.96839535,-0.37463102,1.9398086232387959
0,0.07060486,-0.21608014,0.0
1,0.003046689,-1.3224756,0.6487619346238378
1,0.0022301516,-2.2181675,3.7113193345119173
1,0.76734656,-0.94489884,2.5090746033946685
1,0.02143433,-1.8002374,2.4557214336684483
0,0.0066135693,-1.0406704,0.0
1,0.17558342,-1.1902952,2.9630632767645744
1,0.5672356,-0.1657907,1.0022908450206514
0,0.0003581197,-1.2584724,0.0
0,0.049907163,-0.6542418,0.0
1,0.99324536,0.91435874,2.433556760703358
0,0.00062537147,-1.2380496,0.0
1,0.9237242,2.0689216,2.628681101629168
0,0.21020792,-0.79353696,0.0
0,0.042243466,-0.42794642,1.1505720275988207
0,0.0046839076,-1.2070607,0.5423242908253617
1,0.9927288,18.293907,0.8919980393051107
1,0.58542603,-0.91750205,1.8183909301214454
1,0.52303094,-0.90609205,1.3145904447976742
1,0.19869964,-1.2822667,2.1525121095563224
1,0.9656506,-0.6028294,1.5522187756879349
0,0.39478102,1.225584,0.5423242908253617
1,0.06373004,-1.5658325,2.8057914410789895
0,0.006045737,-0.7678045,0.0
1,0.9901841,-0.62778425,3.9860706070960132
1,0.9467914,-0.042559095,2.36559018095918
1,0.9999282,5.323531,3.786189099928826
1,0.9992521,0.9526454,2.8144424424125565
0,0.93179613,4.4876075,1.9288999327121905
0,0.5478344,-0.50057936,0.5423242908253617
1,0.7834445,-1.3397195,5.177974201717086
1,0.2891347,-1.1924629,2.21400063184874
0,0.023532037,-1.2749888,0.5423242908253617
1,0.7119983,-1.2458024,2.6232182655855123
1,0.99119884,-0.46351856,2.6095241030835195
0,0.00047599903,-1.0292368,0.0
1,0.00010235908,-1.9514307,1.152407826176611
0,0.846432,-0.43956578,0.5752641399032286
1,0.491208,-1.0273709,1.9854852836193575
0,0.058453087,-0.73679876,0.0
0,0.10480116,-0.87722564,0.5423242908253617
0,0.0040367604,-0.6251992,0.0
0,0.1997399,2.3135684,0.5423242908253617
0,0.007367416,-0.9950317,0.5423242908253617
0,0.053414278,-0.8521096,0.5423242908253617
0,0.0006074703,-1.453461,1.1687800968866349
0,0.0021688712,-0.95790136,0.5423242908253617
0,0.099333294,0.6969621,0.0
1,0.010553774,-1.7689776,3.168878803707489
0,0.0034804393,-0.8432233,0.0
1,0.98546904,0.019135593,2.00365722728399
1,0.000496561,-2.1842432,2.5438853891033695
1,0.0035287868,-2.0968175,1.6570659614233552
0,0.02937109,-0.57502365,0.0
0,0.37556863,-0.72592914,0.5423242908253617
0,0.12778926,-0.5282355,0.0
1,0.55645496,-0.7588176,2.124461165427381
0,0.00044102268,-1.2220167,0.0
0,0.039122257,-0.94016635,0.0
1,0.9987108,-0.42845944,3.6282986821425354
1,0.9410573,2.1510854,0.5423242908253617
0,0.0038954332,-0.7559875,0.0
0,0.00046766672,-1.3643235,0.0
0,0.03145757,-0.5073075,0.0
1,0.9987133,12.319997,2.5633102978152795
0,0.04603009,-0.28867137,0.5423242908253617
1,0.9932732,0.18952419,2.740194654428777
1,0.0002591948,-2.311893,2.2538013804167054
0,0.0009584699,-0.86590415,0.0
0,4.1004234e-05,-1.6664277,0.0
1,0.9974085,0.27554467,3.212383829653355
0,0.00088460045,-0.95818406,0.0
0,0.0038845004,-0.59516895,0.0
0,0.009452171,-0.70580727,0.0
1,1.5703201e-05,-1.9967719,0.0
1,0.9873814,1.9446115,2.016879560523175
1,0.014634327,-1.4478174,1.7173371383222304
0,0.071829334,-0.37810108,0.0
0,0.045586854,-0.86845446,0.0
1,0.9409627,-1.493546,6.333058438263326
0,0.0014960434,-0.787655,0.0
0,0.108518966,0.34853455,0.0
1,0.9998118,5.457151,2.5529671871449495
1,0.9972464,-0.5815077,3.0944786250639735
0,0.021865496,-0.17964165,0.0
0,0.0077759,-0.922109,0.6233475321030537
0,0.043379195,-0.78944683,0.0
1,0.013410288,-1.6404796,2.1954308548821926
1,0.87134737,1.2263632,1.2715711555342137
0,0.0268068,0.12765306,0.0
0,0.030771617,-0.965348,0.5423242908253617
0,0.07264554,-0.3519104,0.0
0,0.0004393951,-1.3781497,0.0
1,0.99006164,0.0027289093,2.397249903301947
0,0.0007884711,-0.98915184,0.0
1,0.66407335,-1.4893513,4.522162805754471
0,0.057969417,-0.030830769,0.0
1,0.017993804,-1.2296152,1.4715838263625005
0,0.064783245,0.17166092,0.0
1,0.992466,-0.31120142,2.0797640703070472
1,0.9994759,0.044889487,5.100393432913736
0,0.0019228286,-0.9332057,0.0
0,0.21902576,1.0426073,0.0
0,0.050568014,-0.91118133,1.2473515276278813
1,0.9643092,10.434125,1.7984040119467235
0,0.6877427,3.9898775,0.5423242908253617
0,0.29764456,-1.318685,2.8192645175292506
1,0.039200146,-1.882794,3.4336229341925644
1,0.79623586,2.1389818,1.3483244782553576
0,0.55949146,-0.4532918,0.8815903130947296
0,0.0068679526,-1.3018535,0.5423242908253615
1,0.67581856,-1.0214806,2.3446553403804975
0,0.04466688,0.10630461,0.0
0,2.3552842e-05,-1.7856526,0.0
1,0.17363137,1.7415572,0.0
1,8.9802146e-05,-2.337059,2.1430219426765387
0,0.0018611664,-0.88985306,0.0
0,0.012983952,-1.1735972,0.5481214085096876
1,0.9993602,3.1629984,2.328944294024188
1,0.9239968,0.5594595,2.116799478758927
1,0.99999917,12.331386,6.412069705983822
1,0.7687475,-1.1635153,3.112726467690749
1,0.9058228,-0.58510095,0.8919980393051105
1,0.0017656651,-1.8887923,1.9075812040572055
1,0.9993843,0.84265363,3.100513589249834
1,0.8370512,-0.46103948,1.5990616844480094
1,0.9531439,0.07909613,1.1243391039066188
1,0.006763188,-1.6599311,2.6239729318277862
0,0.0035213649,-0.96988344,0.0
1,0.9988082,-0.77075386,5.208831963937363
0,0.04302018,-0.6196171,0.0
1,0.96724993,-1.3588618,6.280188918918949
1,0.4800621,-1.3578703,2.9774410035817396
1,0.9364083,3.7919161,1.5460514156336422
0,0.00019085413,-1.3384011,0.0
1,0.4236078,2.3580618,0.0
1,0.019033983,-1.8095127,2.8835564718083675
0,0.013505071,-1.0931907,0.0
0,0.0023825218,-1.1209228,0.5423242908253617
1,0.9999774,10.20462,3.017852737574237
1,0.88860196,-0.3254928,1.762186688394187
1,0.99996376,1.7071692,4.703709019045359
0,0.002133011,-1.1360563,0.0
0,0.10288964,-0.16379471,0.0
1,0.17923905,-1.7845284,2.358477472776068
0,0.7903256,5.45662,0.0
0,0.0010136362,-1.3356102,0.5423242908253617
1,0.09521195,-1.3698163,2.3892953493826004
1,0.9995592,3.404988,3.8215122576443106
0,0.0052546626,-0.65520185,0.0
1,0.9998247,7.796419,1.7799698134448174
0,0.028359002,-0.2885471,0.0
1,0.8741164,-0.8476056,2.8537365882316017
1,0.98356426,-0.48067164,2.8895829163765394
0,0.4304757,-0.2905098,1.1741784904827435
0,5.564583e-05,-1.5337019,0.0
1,0.7006735,-0.46679392,2.0833853674684937
1,0.9906655,1.4399843,2.6444460103671057
1,0.011417726,-1.8972208,2.481297995884018
1,0.042087924,-1.648131,2.292665084261803
1,0.8527479,0.94193405,0.0
0,0.00012745839,-1.6162174,0.0
1,0.18145014,-1.388483,2.2076361382626684
1,0.9992644,-0.32544732,3.2702984657288456
1,0.99573374,-0.011355748,2.84179124916685
1,0.99575406,7.084494,2.0276387796749145
0,0.012520508,-0.8491827,0.0
1,0.0014098053,-1.7833078,1.862628715423133
1,0.49969468,-1.1234639,2.6940766805367846
1,0.99907976,1.8242645,3.577524303975637
0,0.0001611435,-1.5951647,0.0
0,0.07392636,-1.2298726,1.0331844833456545
1,0.99700266,0.38486052,3.6570766440335722
1,0.015566993,-1.0576435,0.5423242908253617
0,0.2180308,-0.257767,0.5423242908253617
0,0.15567213,0.9848721,0.0
0,0.002874747,-0.6984702,0.0
1,0.00012482643,-2.5838027,2.9683610767578594
0,0.0073502576,-1.4497136,0.5423242908253617
1,0.6295238,-1.262032,2.6324862480999394
1,0.98977363,-1.5529969,6.84100985129848
0,0.00015567968,-1.4555898,0.0
1,0.97889185,-0.5503896,2.256237105572204
0,0.0037338466,-0.5264985,0.0
1,0.946679,-0.4658645,1.7511614639572526
0,0.013095505,-0.7058278,0.0
1,0.01282317,-1.5611207,2.247685984582954
0,0.005506636,-0.8818529,0.5423242908253617
1,0.0018111822,-2.0840974,2.273720888173527
0,0.07188139,-0.4540725,0.5423242908253617
1,0.999713,-0.433154,5.306100307189822
1,0.94165075,0.7797711,2.5245408423765707
1,0.50657505,-0.4652073,1.638182101728382
0,0.00949187,-0.57681924,0.0
1,0.022625847,-1.4832348,2.371027275245101
1,0.97734976,0.5856022,2.7914965391290845
0,0.002944075,-0.62092555,0.0
1,0.0018258196,-1.7248904,0.0
0,0.039914764,-0.8582002,0.5423242908253617
0,0.619333,3.5365102,0.758529939822797
0,0.0017433546,-1.0274177,0.0
1,0.008275382,-1.2370602,1.1578950871760096
1,0.93126905,1.6503993,2.174531755944542
0,0.7540361,-0.2582217,0.0
1,0.93567747,-0.50828385,1.5004867286455457
1,0.044868797,-1.7914019,2.2743183588986393
1,0.99918586,2.4951415,3.655681214566856
0,0.06873477,-1.212442,0.9061752260900364
0,0.0022079844,-0.8789308,0.0
1,0.9998527,2.3790517,4.238709033672062
0,0.00042234018,-1.3381629,0.5423242908253617
0,0.92928976,0.9108934,0.8751998840117777
1,0.94736415,-1.4857008,6.147774644865252
1,0.002545788,-1.7037379,1.7277082845199263
0,0.001457891,-0.98914856,0.5423242908253617
0,0.0004647807,-0.966098,0.0
1,0.9404143,1.1789421,2.1531865447424403
0,0.61852735,0.19248973,0.0
0,0.09069053,-0.7284033,0.0
1,0.9977592,3.8010497,2.7956277260435676
0,0.0062598004,-0.7331218,0.0
1,0.49055564,0.042664763,0.5423242908253617
1,0.99973243,0.54437745,3.5974448191905886
0,0.025633445,-1.0287534,0.5423242908253618
0,0.0008345525,-1.1702933,0.0
0,0.005561387,-1.1568639,0.0
1,0.9926662,-0.60352856,3.3637857837607608
0,0.00049472373,-1.313453,0.0
1,0.9988439,1.9752268,2.300259810974875
1,0.950815,1.8383492,2.2353418421016755
0,0.046360284,-0.65188,0.0
0,0.0011987534,-1.0217527,0.0
0,0.0015804509,-1.4972781,0.7680152324434641
1,0.71585083,-1.9761376,6.6272955570776375
1,0.78164643,-1.0333508,2.7841745721363433
0,0.004593637,-1.0440755,0.5423242908253617
0,0.002655358,-0.8076661,0.0
1,0.061097182,-1.6439027,2.5232416834153106
0,6.745335e-05,-1.6007427,0.5423242908253617
0,0.033142053,-0.87487763,0.5481214085096876
0,0.0008631949,-1.4521749,0.5423242908253617
0,0.16838829,-0.19001248,0.0
0,0.07970519,0.4145717,0.5423242908253617
0,0.8598928,-0.62031054,0.6600239688357167
0,0.0036642307,-1.1660826,0.0
0,0.49121472,-0.11365235,0.9789043246021418
0,0.0008105457,-1.6348586,0.5722544761819816
0,0.0013688365,-0.91183615,0.0
1,0.999621,-0.3139084,3.921366317205472
0,0.0007593746,-1.0255238,0.0
0,0.78486216,1.0705734,0.0
0,0.00042823373,-1.2688801,0.0
1,0.56747216,1.228735,1.4965942707647333
1,0.004619943,-1.5166796,1.7307987694383675
0,0.000408561,-1.1793802,0.0
1,0.0010039624,-1.7329789,1.7819263358080748
0,0.19905415,0.5931717,0.0
0,0.0064980765,-1.0401323,0.5423242908253617
0,0.010669047,-0.83550835,0.0
1,0.9837395,3.3540843,2.4457074417798257
0,0.024158008,0.58426815,0.5423242908253617
1,0.29967478,-0.50826067,0.0
1,0.9999986,1.8775882,6.411469009205191
1,0.112657815,-2.35953,6.62529342839981
0,0.8649063,8.475993,0.7421696057918545
1,0.58863306,-1.8543422,6.102084895079089
0,0.0005223065,-1.5996177,0.0
0,0.017747426,-1.2084513,0.5423242908253617
1,0.034214266,-1.4080495,1.807018795349777
0,0.025108935,-0.8830061,0.0
1,0.049980003,-1.9234428,3.781833487951045
1,0.9978104,3.372977,2.736778718257637
1,0.6838738,-1.0036255,2.4284500768865986
0,0.5437094,-0.49783567,0.5481214085096876
0,0.02902383,-0.810338,0.5423242908253617
1,0.0029311948,-1.771676,2.3518666878509285
0,0.00032142398,-1.5509582,0.0
1,0.4844047,0.6611767,0.0
0,0.01696816,-0.8735575,0.0
1,0.00035706186,-2.271624,2.7963367503770487
1,0.07999347,-0.8683403,1.7152499390487377
0,0.53034157,7.8823047,0.5481214085096876
0,0.15230155,-0.25572044,0.6449052531780328
1,0.99905944,-0.482221,2.614755193774309
1,0.71529865,-0.62081677,2.415719346958104
1,0.99371445,0.23943135,2.799535872487657
1,0.010146692,-1.4871644,2.2683275268960204
1,0.36133817,1.6435418,0.0
1,0.9566119,-0.21717685,1.8462680192444818
1,0.99988073,7.8887696,3.110442492582919
1,0.998995,4.0343466,2.462177162768511
1,0.9999982,9.379031,6.654991355990702
1,0.9996165,7.1502542,2.0607189760682805
1,0.08449294,-1.7310979,3.9056300332135025
0,0.00033198338,-1.3675216,0.0
1,0.0018449551,-2.3879507,3.1171074161705046
1,0.83451945,-0.6536601,2.277895706204923
0,0.003556593,-0.59332085,0.0
0,0.00013768103,-1.3724698,0.0
1,0.95840263,-0.501381,2.638089119115224
1,0.9507491,-1.6291825,5.781640166647722
1,0.9834583,9.430136,0.0
1,0.99904215,3.9690773,2.2190632217642814
1,0.998403,1.3148514,3.1150481839365924
0,3.1369767e-05,-1.8425037,0.0
0,0.0015014253,-1.012343,0.0
1,0.99988884,1.0039663,4.2226833973615685
1,0.9846623,-0.4929416,2.5628628148991734
0,0.009246038,-1.0492202,2.067352635380878
1,0.9999926,4.5780077,5.763832105137341
0,0.36948368,13.2430315,0.0
1,0.99891937,0.4689859,2.8332750119839325
0,0.00057935435,-1.500295,0.5481214085096876
0,0.030589346,-0.64839005,0.0
1,0.80403,2.1872246,0.0
1,0.9772926,-0.5641812,2.318712410405669
0,0.01751489,-0.6353432,0.5423242908253617
0,0.00044815603,-1.0740125,0.5423242908253617
1,0.92638844,-0.88344574,2.6701361607617735
1,0.0069999,-1.5900421,2.0435636222576123
0,0.5290801,-0.77304554,0.8432343158226092
1,0.9984153,0.78461826,2.5906703099786
1,0.97591585,4.6178236,2.156551914556703
0,0.34630656,-0.39666083,0.5703090163628082
1,0.9999904,0.31553555,5.8103400155288805
0,0.08860349,-0.88335127,0.0
1,0.9620061,0.3878209,1.8617267761927756
1,0.88242507,-1.8079629,6.704798729216951
1,0.0058531114,-2.2740836,3.4716758873991034
0,0.021799374,-0.33296347,0.0
0,0.45953977,-0.8506922,0.0
1,0.39187896,0.70959735,0.0
1,0.026666936,-1.5081218,2.2507483572508207
0,0.0011612816,-1.0901173,0.0
1,0.0034826929,-1.6686538,2.550742212467916
0,0.00096727716,-1.0034438,0.0
1,0.0020572345,-2.0193233,2.9252232763705677
0,0.0031485062,-0.76261055,0.0
0,0.009799656,-0.7445467,0.5423242908253617
1,0.97670174,-1.4779938,5.887378308819516
0,0.0014069283,-0.8663016,0.0
1,0.07434593,-1.4474729,2.015333035599418
1,0.15910628,-1.0668185,1.9101635784060627
1,0.55786544,-0.48275515,0.5423242908253617
1,0.999177,5.428008,2.302585092994046
0,0.03618583,-1.2280955,1.912739301270578
1,0.98418826,4.131364,0.0
0,0.0005159862,-1.1753033,0.0
1,0.0023252435,-1.3223459,0.0
1,0.97847694,3.569235,0.7968139549552116
0,0.0037952291,-1.0211346,0.0
0,0.0016943781,-0.84808475,0.5423242908253617
0,0.00034180205,-0.9920124,0.0
1,0.005043457,-1.4099128,1.7740771730853282
1,0.99950343,6.9308,3.3360794812472867
0,0.0039757486,-0.74569875,0.0
1,0.8575451,0.36012438,1.141342139491924
0,7.3279996e-05,-1.3729936,0.0
0,0.0054672677,-0.993777,0.0
1,0.9946,4.6488123,2.4739870321238104
0,0.018657075,-0.27465248,0.0
0,0.014864152,-0.8429468,0.9384940173452041
0,0.2319121,-0.034681745,0.0
1,0.99985844,6.3122754,3.926647797966361
0,0.0029134261,-0.71091217,0.0
1,0.9611334,-0.591787,2.1817651926640194
0,0.9460094,1.216818,2.043563622257612
0,0.39578608,4.7390738,0.0
1,0.0072784857,-2.0654442,3.0210344564162095
0,0.0010637753,-0.9955286,0.0
0,0.019515378,-0.67221767,0.0
1,0.9820286,0.4438541,2.8315183599948983
0,0.00022578053,-1.7766079,0.5423242908253617
1,0.31289962,1.2803655,0.0
0,0.21699113,-0.815798,0.5423242908253617
0,0.062049013,-1.1333123,1.0378801341885249
0,0.06154781,-1.0026551,0.0
1,0.96652234,1.8666859,2.2309851393839635
1,0.0015117367,-1.5281523,0.0
0,0.37227562,-0.43423015,0.0
0,0.009020626,0.06366228,0.0
1,0.9961025,1.3472124,2.679385192856169
1,0.8314878,-0.89256525,1.2451766614112714
0,0.002230906,-1.0744575,0.5423242908253615
0,0.34822467,1.174324,0.0
1,0.9999964,11.648305,6.5004910130371325
0,0.82296115,2.764369,0.5473550448674839
1,0.53283894,-0.76067764,0.0
1,0.9701948,-0.04233775,1.9305859578399558
1,0.9999881,2.2853832,6.8309125534270905
1,0.9996829,7.2421894,1.931427905595385
0,0.00037894596,-1.2372941,0.0
0,0.059730124,-0.7380822,0.0
1,0.98876953,5.344943,2.6399497883982788
1,0.98356843,0.12052876,2.416086574430846
0,0.0010799603,-1.017684,0.0
0,0.07337241,0.51878864,0.0
0,0.97241294,15.989006,0.5423242908253617
0,0.21959792,-0.04027431,0.0
1,0.0034795762,-1.3789711,0.0
0,0.037039045,0.15849099,0.0
0,0.0012603309,-0.8437359,0.0
1,0.9361136,-0.80295753,1.990257718660681
0,0.00042904503,-1.3667179,0.0
1,0.20759286,-0.7812788,0.0
1,0.00041995925,-1.8880053,0.5423242908253617
1,0.15858053,-1.444337,2.6967282848944603
1,0.9568796,-1.572392,5.9678089218619474
1,0.9991105,8.449706,3.934737265831538
1,0.019750182,-1.3667654,1.8884372374061236
1,0.9947503,-0.09216726,2.4507269726759553
0,0.00015934845,-1.587972,0.0
1,0.11016482,-1.1251339,1.730798769438368
1,0.26459298,-1.3940076,2.5222127935225247
1,0.025738237,-1.7615082,2.864874722382047
1,0.93253374,-0.24678421,0.5423242908253617
1,0.89881366,-1.4467666,4.320939141131921
0,0.0001277169,-1.6687561,0.0
1,0.7966998,1.4407762,2.0142576510458414
0,0.010287165,-1.0277295,0.0
1,0.77789253,-1.1574855,2.6143301542156188
0,0.014545227,-0.6059813,0.0
0,0.07834118,-0.0024207253,0.0
1,0.9945457,1.7176086,3.284143918512694
1,0.34369352,-1.0114268,2.50481469003953
1,0.9993428,0.89728594,2.518944392906052
1,0.03999881,-1.3286306,1.9878743481543455
1,0.0053323186,-1.9116752,2.4416735968791925
1,0.017994745,-1.0964555,1.584880774537586
1,0.89105,3.616333,1.118836501130736
0,0.19870095,-0.37027755,0.0
0,0.0018994017,-0.98944855,0.0
0,0.041032393,-0.63969046,0.0
0,0.00040237166,-1.5608393,0.5423242908253617
1,0.00025275553,-1.4499218,0.0
1,0.9985298,-0.30227938,4.380703178647012
0,0.8155973,1.2043946,0.6801215375427894
0,0.0056093982,-0.693088,0.0
0,0.0042445464,-0.66381794,0.0
0,0.0009140553,-0.8349835,0.0
0,0.020195097,-0.6539103,0.0
1,0.9984149,13.973516,1.3911214018682065
0,0.25122467,-0.76605517,0.0
1,0.99986076,10.490387,2.2808670841381047
0,0.9973012,1.0243778,2.4690831918602405
0,0.0074440977,-1.0166805,0.0
0,0.71358997,-0.0017847419,0.8043438437391403
1,0.7562383,-0.46765804,0.0
0,0.0012268224,-0.97600096,0.0
1,0.9063722,-0.7545231,2.073212504024831
1,0.003991531,-1.3666245,1.2094416936200354
0,0.0012254997,-1.4323508,0.0
1,0.01710385,-1.6508687,1.8831519163034782
0,0.012708933,-0.11104309,0.0
1,0.99918956,-0.5358108,5.084724333659083
0,0.0021060007,-0.81660795,0.0
1,0.9881873,-0.9976666,3.829363435896146
1,0.003385921,-1.8376474,0.8991117565653116
0,0.046332788,0.13556089,0.0
0,0.010533926,-0.8847371,0.0
1,0.114137016,-1.6475339,2.8843951521534996
1,0.9998766,-0.3543814,5.100041963164412
1,0.04703868,-1.2083688,1.3145904447976742
0,0.0016137441,-0.83119667,0.0
1,0.9397138,-0.8291171,2.8178781422927535
1,0.05662161,-0.92310965,0.7507921610392848
0,0.0054802625,-1.0164342,0.5423242908253617
0,0.00164637,-0.71777505,0.0
0,0.024062969,-0.54878074,0.0
1,0.9909326,1.8634453,2.9947156279126372
0,0.08748565,13.8403635,0.0
1,0.99961555,8.044208,1.881383916628718
1,0.012466813,-1.6847677,2.3328952571142794
0,0.0011307596,-1.2347195,0.5423242908253617
0,0.7436396,0.23615968,0.5423242908253617
0,0.00029921156,-1.4409208,0.0
0,0.029734453,-0.51186424,0.5423242908253617
0,0.6870302,-0.4126253,0.9333064305866706
0,0.0027908818,-0.75024366,0.0
0,0.7419036,0.42196447,0.7715317094809274
0,0.0011765581,-1.0055481,0.0
1,0.00082628004,-1.9053185,1.8581108622489737
0,0.030045815,-0.68325037,0.5423242908253617
1,0.99942786,7.767607,3.361371754402427
0,0.014809641,-0.7149955,0.0
1,0.99826086,1.0094576,3.3296551804444823
1,0.99995005,2.7553246,3.846995762735111
0,0.02840392,-0.5336338,0.5423242908253617
1,0.78087044,1.7950094,0.0
0,0.08487396,-0.36439082,0.0
0,0.28753993,0.49170214,0.0
1,0.9973802,0.6125382,3.157919696496636
0,0.808909,-0.655355,2.124461165427381
1,0.023070315,-0.931107,1.725642642288997
0,0.0066487514,-1.3048538,0.6410046292211395
1,0.9999309,-0.8754511,6.6046999422032755
1,0.98677266,-1.2219188,6.296482229752128
0,0.5822622,0.8109781,0.6471032420585383
1,0.01724029,-1.8835756,3.0031042273553763
1,0.0054533985,-1.6386657,1.7015759107614645
0,0.92910665,10.283215,0.5423242908253617
1,0.64166987,-1.0980747,3.346355069166317
1,0.9605567,0.6075077,2.347435093228281
1,0.91933477,-0.5277975,1.5644405465033644
0,0.17658567,0.2446149,0.8727769456881885
0,0.006447223,-0.9234434,0.0
0,0.024991186,-1.258053,1.2267122912954254
1,0.93576074,2.6444492,2.2513597080153698
0,0.10985868,-0.7341679,0.5423242908253617
1,0.9446945,-0.73471916,1.8581108622489737
0,0.0006627044,-1.2591603,0.0
1,0.9992211,-1.0635989,6.778886272413737
0,0.009166261,-0.7039897,0.0
0,0.0035825758,-1.1035078,0.0
1,0.06566918,-1.7697145,3.535775269530222
1,0.051568896,-1.13906,1.3954459060850712
1,0.63511103,2.5497441,1.5004867286455457
1,0.83670443,2.5434468,0.0
0,0.6474169,0.54932564,0.0
1,0.99921685,-1.059327,7.263820827599835
1,0.980883,-1.5637687,6.784167099422985
0,0.0015287226,-1.221545,0.0
0,0.04166971,-0.4481161,0.5423242908253617
0,0.020031922,-0.57877165,0.0
0,0.9118879,-0.27374017,0.5423242908253617
1,0.9977524,2.844186,3.0847027517564047
0,0.022093458,-0.97852314,0.0
1,0.0035574683,-1.9668659,2.154534052058181
0,0.0029680382,-0.8010402,0.0
1,0.9973087,16.589437,2.617813687597377
0,0.0055221375,-1.0592586,0.0
0,0.587517,-0.029260576,0.5423242908253617
0,0.03561123,0.1184853,0.0
1,0.9918767,0.26334062,2.710058934933025
1,0.9822915,3.6178718,2.5090746033946685
1,0.96274227,1.3224316,2.182420190686054
1,0.703381,-0.32669955,0.9270711237525391
0,0.030263808,-1.5951146,1.6002343994172512
1,0.5721034,-0.33281147,0.0
1,0.00055162335,-1.7133058,0.8639442515019458
1,0.99625194,-0.06977454,3.0980741247219967
1,0.80674005,-0.9010685,2.978897817521128
1,0.037754707,-1.3135664,2.050311679688332
0,0.00029519064,-1.5325599,0.5481214085096876
1,0.00026179466,-1.6084446,0.6689866844350089
1,0.9921243,-0.55909234,2.9207436407796608
0,0.001111753,-1.127759,0.0
1,0.99749136,-0.31751662,3.327157231856916
1,0.005616805,-1.6488444,2.0337353269236185
0,0.008702339,-0.7389786,0.5423242908253617
1,0.9933438,-0.38231048,3.2330331991523766
1,0.06832068,-1.2148305,1.914452771466101
0,0.0054604993,-0.6211191,0.0
0,0.0007221857,-1.2454144,0.0
0,0.019595262,-0.5861616,0.0
1,0.99989825,5.795639,3.5447017281140103
0,0.15195216,-1.07175,0.7919702445388463
1,0.02580421,-1.760264,2.840129599232531
1,0.9010789,-1.659373,7.069089244590656
1,0.99653465,-1.0010918,5.656697629796447
0,0.032501824,-0.60112536,0.7351555678121409
0,0.75503445,-0.20811541,1.023378786734551
0,0.07215609,-0.5182963,0.0
1,0.02462245,-1.1056286,0.5423242908253617
1,0.058160663,-1.1111234,2.056271962233836
0,0.0013007914,-0.9370248,0.0
0,0.11302017,-0.25382885,0.0
0,0.0036307822,-1.7066997,0.8331895885097935
1,0.013246829,-2.2139254,3.2949643229642773
0,0.10458621,-0.26566955,0.0
0,0.0066568153,-1.511258,0.6634806802114758
0,0.12309702,-0.6194958,0.5423242908253617
1,0.103690825,-1.6610582,2.599470650887233
1,0.08737458,-1.5090551,1.8698150922934602
0,0.11636631,0.15220034,0.0
0,0.0037201955,-0.86008227,0.5423242908253617
1,0.7416084,-0.14163087,0.5423242908253617
0,0.84294784,1.417907,0.5423242908253617
0,1.2032841e-05,-1.6976707,0.0
1,0.97189736,5.865302,2.1251547803447886
1,0.97914404,-1.3614511,6.845914963872872
0,0.001104433,-1.1178159,0.0
0,0.8270179,2.4252555,0.0
1,0.95216084,1.9540375,1.6118865250371286
0,0.03353697,-0.7195041,0.0
0,0.00080849876,-0.9651708,0.0
1,0.984946,4.523322,0.0
1,0.93485683,-1.4902354,5.549120642707578
1,0.57931346,-1.395045,3.2950241104794658
0,0.00036157525,-1.5258873,0.5423242908253617
0,0.0012380561,-0.9205291,0.0
0,0.0007037568,-0.95762175,0.0
0,0.0016721437,-1.462491,0.0
1,0.026328119,-1.635558,2.0570145058923917
1,0.0048889867,-1.845736,2.0253429579105937
1,0.96584004,-0.049262643,2.5292450351978992
1,0.20630209,-1.1028054,0.8967461358011849
1,0.99629,0.9923809,2.87430247556773
0,0.057283856,-0.84619194,0.5423242908253617
1,0.0046165767,-1.7151443,1.3315997029088498
0,0.00043959144,-1.1812093,0.0
0,0.017312795,-0.96521604,0.0
1,0.9999083,2.1284685,4.65663878758908
1,0.007629665,-1.5778702,2.19349001396098
1,0.998398,7.7593246,1.3794971185711533
1,0.17159669,-1.7397441,4.06362343151266
0,0.030595992,-0.90877527,1.3192580995683085
0,0.009395399,-0.84762526,0.0
1,0.71872544,-0.042580906,0.8044445834297306
1,0.8226821,-1.7941787,6.898470534641632
1,0.9562943,-0.58598816,2.6318598306650522
0,0.11432753,-0.45505264,0.5423242908253617
1,0.2347964,-2.3836484,6.86158838071747
1,0.883269,1.352015,1.4500261052875218
0,0.06847952,-0.31513283,0.0
0,0.04693798,-0.27649906,0.0
1,0.99989337,0.3902011,5.928579282244731
0,0.47184768,7.7689233,0.0
0,0.0044805785,-1.1389877,0.0
1,0.012431225,-1.6560835,1.8945683451235005
0,0.12696624,-0.49483162,0.755182571479398
0,0.001651658,-1.2831256,0.5423242908253617
1,0.23814377,-1.9419299,3.746288284625687
0,0.0013523792,-1.3251934,0.0
0,0.07154939,-0.519207,0.0
0,0.08008578,-0.49588734,0.5423242908253617
0,0.008367454,-1.2112135,0.5423242908253618
1,0.99978596,3.2560036,4.373416081321112
0,0.00027631037,-1.6387905,0.0
0,0.0050843386,-0.8698923,0.0
0,0.0075705172,-1.1513641,0.7232168384958693
1,0.72761816,-0.77172285,0.9407630212179592
1,0.2430248,-2.092751,6.970811931525236
1,0.9856334,0.36855662,2.791303629783512
1,0.99997455,-0.55259866,6.403328760853276
1,0.94996077,-0.709155,2.8008499009087258
1,0.3299662,4.436625,0.0
