True_Labels,Predictions
1,0.9643842
1,0.9506004
0,0.0019282841
1,0.5170098
1,0.9676497
0,0.0047984812
0,0.043212887
0,0.007239327
0,0.008198589
0,0.021414036
1,0.9944243
1,0.3890641
1,0.95898026
0,0.05486435
1,0.7938365
0,0.017421179
0,0.020082084
1,0.05527786
1,0.9622875
0,0.05473491
1,0.93937004
1,0.5117046
0,0.009847136
1,0.7816809
1,0.9241898
0,0.020632548
1,0.8450156
0,0.13458319
0,0.03147293
1,0.9324861
1,0.9992131
0,0.024999455
1,0.90302587
1,0.21362275
1,0.9980336
0,0.0066601145
0,0.0035406929
0,0.007675926
0,0.0027646283
0,0.09940245
1,0.7780526
0,0.026689148
0,0.0261694
1,0.9785308
0,0.0025442976
0,0.003271575
1,0.90381867
1,0.96704304
0,0.012675455
0,0.2653251
1,0.30245987
0,0.0018846215
1,0.8038817
1,0.99748623
1,0.95969087
0,0.06335731
1,0.9909092
1,0.27337545
1,0.7957914
1,0.97989964
1,0.79795635
0,0.012697524
1,0.039139736
0,0.20061332
1,0.9532979
1,0.9812252
0,0.008206899
0,0.06702685
1,0.94922036
0,0.7709117
0,0.008114605
1,0.982255
1,0.2516199
0,0.082766786
0,0.15215737
1,0.3815114
1,0.99137527
1,0.8349681
0,0.3458078
1,0.019573342
1,0.32002735
0,0.0018979443
1,0.831478
0,0.88070965
0,0.017982488
0,0.17109995
0,0.009031326
0,0.014531166
0,0.0033446343
1,0.9758356
1,0.81274396
0,0.002960607
1,0.7262678
0,0.12541315
1,0.40381244
1,0.8250182
1,0.8342378
1,0.0660164
0,0.006417553
1,0.7070906
0,0.016481658
0,0.018043414
0,0.08159539
0,0.7927991
1,0.9295067
0,0.0038755161
0,0.009071805
1,0.9867473
1,0.9438162
0,0.038845364
0,0.008482978
1,0.9847143
0,0.019587522
1,0.99611765
1,0.9468407
1,0.96808165
0,0.014967671
1,0.09069539
1,0.9725409
0,0.09933451
0,0.04726515
1,0.33382693
1,0.6620739
0,0.037006978
0,0.17902912
1,0.97884995
1,0.93593603
0,0.024425102
0,0.00926589
1,0.1419382
1,0.97956604
1,0.67111814
1,0.98050517
0,0.51663256
0,0.011437036
1,0.9575777
0,0.04501049
1,0.80615956
1,0.29089653
1,0.75265104
1,0.099592976
1,0.9295661
0,0.03585278
0,0.0027142314
1,0.978394
1,0.8936934
1,0.9773888
0,0.0032334111
1,0.9176858
1,0.9318892
1,0.84219193
1,0.32045898
0,0.0013598202
0,0.2555179
1,0.8922902
1,0.9960906
1,0.9680359
0,0.046417966
1,0.04502449
1,0.9799839
0,0.017470216
1,0.9193892
1,0.61462
1,0.6890593
1,0.19877365
1,0.9763664
0,0.098366566
0,0.0129249375
1,0.97614056
0,0.013450523
0,0.0025959576
0,0.6909238
0,0.013138777
1,0.66660786
0,0.0019631428
0,0.015605058
1,0.78162515
0,0.026449328
0,0.7134825
1,0.255076
0,0.058311056
1,0.95189774
0,0.036567796
1,0.846959
0,0.020186987
0,0.019652855
1,0.9991805
0,0.25917786
1,0.6977348
1,0.9829194
0,0.0030139047
1,0.95812535
0,0.002725562
0,0.1873703
1,0.97724444
0,0.29121172
0,0.011970208
0,0.0022091654
0,0.012768765
1,0.99761325
1,0.9718138
1,0.9604382
1,0.8757898
0,0.0009465994
1,0.9871801
0,0.008868623
0,0.016340358
0,0.5845425
0,0.009070209
1,0.7348534
0,0.005798858
1,0.8945039
1,0.6340405
0,0.006471604
1,0.09060042
1,0.97628707
1,0.9662424
0,0.011061082
0,0.008943938
1,0.66301113
1,0.09913303
1,0.98838705
0,0.045065425
1,0.98733634
1,0.06810349
1,0.9964207
0,0.0066667334
0,0.028418535
1,0.95151925
1,0.4535328
0,0.012562714
1,0.92367786
0,0.003195884
0,0.42907476
1,0.91915476
1,0.9736423
1,0.987924
1,0.95819527
0,0.020097429
0,0.006588832
0,0.13049969
0,0.005941272
1,0.95642745
0,0.054331623
1,0.89325684
1,0.98042536
1,0.9805041
0,0.012199683
0,0.68348426
1,0.9890873
0,0.010928407
0,0.00929682
0,0.0051388117
1,0.9774087
1,0.9902328
0,0.41773483
0,0.13807708
0,0.009260118
0,0.031264897
1,0.66262096
1,0.9981232
0,0.050077047
0,0.03537294
1,0.98892117
0,0.006607898
1,0.93733764
0,0.05402118
1,0.9948088
1,0.40793136
1,0.9652102
1,0.13174722
1,0.21996783
1,0.98401433
0,0.05976717
0,0.934998
1,0.80299115
0,0.007636263
1,0.9864895
1,0.9195702
1,0.7590245
1,0.97206193
1,0.9412341
0,0.0013697546
1,0.9789993
0,0.0053128954
0,0.27578023
0,0.003939488
1,0.74832803
0,0.01070252
1,0.98297054
1,0.9768326
1,0.35100758
0,0.08474417
1,0.98493946
1,0.9837389
1,0.98629
1,0.87103164
0,0.01692857
1,0.9978122
1,0.83755755
0,0.025695264
1,0.024428932
0,0.06403716
1,0.97305167
1,0.05310588
0,0.31032476
1,0.83852035
1,0.9901333
0,0.0049307602
1,0.98953885
1,0.8377935
0,0.033443093
1,0.29413092
0,0.062158346
1,0.78072923
1,0.35461393
1,0.70450884
0,0.028364338
0,0.0029350133
1,0.9911742
0,0.009540321
1,0.9177195
1,0.42162502
0,0.0014819878
0,0.025425475
0,0.71069926
1,0.97072154
0,0.02499753
0,0.035040125
1,0.50496334
0,0.021707684
1,0.9413692
0,0.0032195265
0,0.02733623
0,0.07448491
1,0.5650314
1,0.9692816
1,0.9767094
1,0.930584
0,0.07947274
1,0.99437654
0,0.0068403203
1,0.6211081
1,0.9192548
0,0.003044949
1,0.43316972
0,0.08885769
1,0.98840356
1,0.99851537
1,0.96207875
1,0.5430062
0,0.006158019
0,0.2503679
0,0.18754695
1,0.654749
1,0.9948787
1,0.95990276
0,0.03570091
1,0.9741142
1,0.98114383
0,0.014319764
1,0.9997523
1,0.27978557
1,0.9598047
1,0.9950839
0,0.014946818
0,0.052799154
1,0.42128834
1,0.9577754
1,0.9927098
1,0.9703236
0,0.07010315
1,0.90032387
0,0.6209782
0,0.015777377
1,0.9982455
1,0.99049115
0,0.032776013
0,0.0039098826
1,0.96922094
1,0.9911253
1,0.81630874
0,0.0006566118
0,0.042906925
1,0.9690463
1,0.9992068
1,0.3765526
0,0.017284205
1,0.9247057
0,0.03230324
0,0.0021815475
0,0.73640776
1,0.9840741
0,0.0035733194
0,0.013590463
0,0.028574182
1,0.99199325
0,0.1692595
1,0.9539896
0,0.0022882004
1,0.82510346
0,0.016546285
1,0.99277323
1,0.5318516
1,0.99401736
0,0.51661867
0,0.09005839
1,0.9335709
1,0.88152057
1,0.9453556
1,0.85320324
0,0.24013206
1,0.9318496
0,0.0023725769
1,0.907163
0,0.02220793
0,0.02860845
1,0.7393424
1,0.9408223
1,0.01995208
0,0.018745596
0,0.19631092
1,0.99096316
0,0.0025969998
0,0.011036068
0,0.006391263
1,0.93396896
1,0.98804927
1,0.9423012
1,0.9984418
1,0.966317
1,0.977987
0,0.019172003
1,0.99268377
0,0.004392891
0,0.058460984
0,0.27275392
1,0.997661
0,0.3350692
0,0.0043638963
1,0.9943623
1,0.25461492
0,0.10902511
0,0.013441034
0,0.0030050646
0,0.09555685
0,0.0017708502
0,0.012904604
1,0.9778921
0,0.02421925
0,0.019601913
1,0.93495774
0,0.095631674
0,0.95857114
1,0.9267026
1,0.18361442
1,0.95082104
1,0.82937443
1,0.98124117
0,0.06182361
1,0.69571763
1,0.83551955
1,0.89965105
1,0.9260759
1,0.90509856
0,0.006173165
1,0.9797006
1,0.96363336
0,0.1948811
0,0.045633912
1,0.82685405
0,0.026714755
0,0.0038439059
0,0.007215405
1,0.019863335
0,0.014879556
1,0.98817796
0,0.010073763
1,0.86527514
1,0.9785156
1,0.9279172
0,0.011818816
1,0.4373196
0,0.0835106
0,0.013841814
1,0.8654143
0,0.0844829
0,0.0037912615
0,0.6912324
1,0.9948254
1,0.9757612
0,0.022086093
0,0.0035390276
0,0.0021190646
1,0.3298495
0,0.0022773133
1,0.1916588
0,0.012193249
0,0.0064598196
0,0.011100484
0,0.011610641
0,0.013661326
1,0.71458226
1,0.65018344
1,0.97807765
1,0.84448826
1,0.054298446
0,0.19731182
0,0.006593444
1,0.99271184
0,0.029293763
0,0.0021381574
0,0.0012745848
0,0.20870666
0,0.17602928
1,0.5344976
1,0.97796345
1,0.8176499
0,0.0054030884
1,0.9526241
0,0.23662566
1,0.85659575
0,0.11634821
1,0.9929027
1,0.9519136
1,0.91738844
0,0.047394473
0,0.38828358
0,0.029978346
1,0.96374476
1,0.90239847
1,0.995634
1,0.8437816
0,0.0028707162
1,0.70404553
1,0.45080236
0,0.0016771818
1,0.98881257
1,0.99525183
1,0.99911445
0,0.3258984
0,0.00857592
1,0.76111764
1,0.9942136
1,0.97298336
0,0.0020876953
1,0.93252087
1,0.8104691
1,0.94330734
0,0.020537019
1,0.99014163
1,0.94405496
1,0.9512908
1,0.8433792
0,0.0022823545
0,0.0222628
0,0.047441535
0,0.10754631
0,0.15632012
0,0.0024187348
1,0.2632502
0,0.016321592
0,0.028783828
1,0.99740785
0,0.039866492
1,0.7054837
0,0.023162162
0,0.02558715
1,0.93668664
0,0.13782023
0,0.007258197
1,0.15909396
0,0.010123681
1,0.10785044
0,0.12349766
1,0.9877451
1,0.7358149
1,0.9863244
1,0.7899236
0,0.022488147
1,0.98633
1,0.99003005
1,0.2531193
1,0.9261096
0,0.06536585
1,0.9894156
1,0.6833958
1,0.98790437
0,0.01744903
1,0.74357134
0,0.017728534
1,0.95483613
1,0.918469
1,0.8754315
0,0.024898618
1,0.2203501
0,0.11755784
1,0.6927968
1,0.98400235
0,0.009521074
1,0.9889107
1,0.9866408
1,0.9759779
1,0.535566
1,0.9616563
0,0.016943553
0,0.012576408
0,0.03301332
0,0.021708788
0,0.08726696
0,0.029347874
0,0.01878103
1,0.98943824
1,0.99703777
0,0.02734587
0,0.00340416
1,0.99142283
0,0.82619536
0,0.19574258
1,0.9184043
0,0.4804491
0,0.1947431
0,0.0041001574
0,0.023348356
1,0.9735006
0,0.026117684
1,0.9573485
1,0.67362267
0,0.09619859
0,0.43691522
1,0.7537417
0,0.039175905
1,0.9494203
1,0.81814146
0,0.34419093
1,0.91967326
1,0.9824382
0,0.15408039
0,0.12163455
0,0.012524434
0,0.04450024
1,0.9978416
0,0.03965712
0,0.0013334658
1,0.92302495
0,0.009874431
0,0.0012986759
1,0.9678486
1,0.5709392
0,0.00283784
1,0.9137765
1,0.99611336
0,0.0019091561
0,0.032329254
0,0.12822609
1,0.95781183
1,0.96344715
0,0.02094712
0,0.35279423
1,0.98379105
1,0.5070668
1,0.77634585
1,0.7949262
0,0.008684394
1,0.7343495
1,0.6050688
0,0.0022234058
0,0.072632596
1,0.9888666
1,0.91395587
1,0.98591524
1,0.9949337
1,0.9946456
0,0.01986389
0,0.012113058
1,0.9780876
0,0.0060662557
1,0.9841874
1,0.8707671
1,0.6137129
1,0.7221045
0,0.0043118144
1,0.977947
0,0.0016662674
0,0.06611449
0,0.009322904
0,0.016120115
1,0.8273495
1,0.9408836
1,0.25758556
0,0.68086034
0,0.034192596
1,0.7240055
1,0.7921416
1,0.9148549
1,0.42282856
1,0.5684148
0,0.041569382
0,0.030997684
1,0.34498376
1,0.9908272
0,0.007012871
1,0.9116382
0,0.008920772
0,0.41034693
1,0.9864059
0,0.23700765
0,0.0023614576
0,0.03892766
1,0.98726696
0,0.90891355
1,0.9445427
0,0.030130656
0,0.09836649
1,0.9954346
1,0.9713041
0,0.18022692
1,0.7502136
1,0.9864932
1,0.98657
0,0.00831815
0,0.023248043
1,0.92809385
0,0.11242937
0,0.054862462
0,0.427555
1,0.5853308
1,0.9985371
0,0.4585127
0,0.0049034692
0,0.005217667
0,0.26092455
1,0.16396761
1,0.7336317
0,0.0052566743
1,0.9892166
0,0.2965903
1,0.65375483
1,0.97614175
0,0.0027207136
1,0.99274385
1,0.9934832
1,0.9838552
0,0.0074425368
0,0.094183415
1,0.45990634
0,0.021486143
0,0.27110642
1,0.9934419
1,0.9765573
0,0.0016632685
0,0.015825586
1,0.85334986
1,0.62171847
1,0.8212864
0,0.014212756
1,0.9614837
1,0.8179892
1,0.015634106
1,0.61453897
1,0.99374866
1,0.9891757
1,0.91064703
1,0.33497337
1,0.97066116
1,0.966168
0,0.005371409
1,0.86028504
1,0.0821003
1,0.89909506
1,0.9709186
1,0.9849958
1,0.3475109
0,0.10508095
0,0.015549495
0,0.022051476
1,0.7239565
0,0.0022066548
0,0.002174662
1,0.9174911
1,0.9601664
0,0.00239067
1,0.9771049
1,0.9784888
1,0.52712685
1,0.9864402
1,0.696809
1,0.6530283
0,0.014894284
0,0.051986676
0,0.132898
1,0.9173438
1,0.9865789
0,0.0014140146
1,0.0337366
1,0.74881613
0,0.14483038
0,0.14618638
0,0.027315179
0,0.1293337
0,0.0072546583
1,0.978925
1,0.9930308
1,0.70402974
1,0.9290014
0,0.012380951
0,0.0042428584
0,0.005039871
0,0.052238908
0,0.032117825
0,0.0024534422
1,0.976331
1,0.9891307
0,0.11173706
1,0.9560972
1,0.85477835
1,0.98709744
1,0.45693174
0,0.009789265
1,0.95808387
1,0.95832205
0,0.03116266
0,0.0027133953
1,0.9303528
1,0.95021003
0,0.021361934
0,0.0027607242
0,0.057848904
0,0.006747782
0,0.027218115
0,0.0080236
1,0.6625277
0,0.24009927
0,0.0012313748
0,0.044277195
0,0.01618299
1,0.87191
0,0.016437193
0,0.027171487
1,0.43427977
0,0.008557736
0,0.031475823
1,0.93865895
0,0.0013811206
0,0.0033418806
0,0.024053523
0,0.0037946268
1,0.89635247
1,0.33000994
0,0.06178971
1,0.79158986
1,0.99639446
1,0.9979851
1,0.80964667
1,0.7259722
0,0.0010340194
0,0.39036298
1,0.7583894
1,0.9893161
0,0.010153021
0,0.005320458
0,0.11640661
0,0.8309301
0,0.025711482
0,0.06998326
0,0.015461971
1,0.7131658
1,0.9862974
1,0.84677184
1,0.97927284
0,0.003604134
1,0.8590626
0,0.0135149155
0,0.0017544541
0,0.0022563129
1,0.6659582
0,0.0074751913
0,0.0011549636
0,0.0037795946
0,0.01219434
0,0.030864947
0,0.26411363
1,0.9611939
0,0.96935725
1,0.87611115
1,0.9980636
1,0.53704286
0,0.026416494
1,0.99432224
1,0.33455482
0,0.2199405
0,0.0023997151
1,0.99423176
0,0.0167923
0,0.033791717
1,0.99926776
1,0.9890692
0,0.049492612
1,0.12263761
0,0.003102815
1,0.34611413
0,0.069615304
0,0.6119893
0,0.0028666896
0,0.0117238965
1,0.050162967
1,0.94221914
0,0.0026414972
1,0.928173
0,0.10344686
0,0.0017185376
0,0.041392006
1,0.9855194
1,0.94175065
0,0.0051473244
0,0.0075119925
1,0.38527292
1,0.03170938
0,0.07072283
0,0.0066305166
1,0.38968173
0,0.0076840115
0,0.0025941606
0,0.013006024
1,0.16226633
1,0.9753566
0,0.029846238
1,0.66403955
1,0.98716754
0,0.013604253
0,0.0031293896
1,0.17388853
0,0.0048940578
0,0.25692374
0,0.0030924222
0,0.35762733
0,0.0035084412
1,0.8533621
1,0.29875216
0,0.0020248892
0,0.054402765
0,0.0009678764
1,0.9430491
1,0.72631526
1,0.9478954
1,0.89978355
1,0.99386907
0,0.0038340113
1,0.8073202
1,0.9654383
0,0.009571616
0,0.03711666
1,0.51748526
0,0.009619868
1,0.6136836
1,0.713534
0,0.1414031
1,0.9670844
1,0.45662495
1,0.96048653
0,0.019258777
0,0.0038470037
1,0.98884296
0,0.0030551548
0,0.03222815
1,0.9405579
0,0.003254293
1,0.67919046
1,0.41148323
1,0.874233
1,0.78779995
0,0.0056074886
1,0.91677636
1,0.73088264
0,0.0009894458
0,0.012309914
1,0.39473045
1,0.982479
1,0.99557203
0,0.21129404
0,0.038404405
0,0.008236775
0,0.54837257
1,0.8453386
0,0.14644757
0,0.30406755
0,0.1666184
0,0.0053912825
0,0.0037371793
1,0.9996975
0,0.8116759
0,0.032352842
0,0.10159559
0,0.13782062
0,0.0031951915
0,0.0037007753
0,0.006387758
0,0.91451126
1,0.8046128
0,0.014343359
1,0.887722
1,0.87777746
0,0.022731775
0,0.0025139626
1,0.9952723
1,0.99438
1,0.9745701
0,0.044006854
1,0.96375734
0,0.065609574
1,0.9682376
1,0.994969
1,0.9635849
1,0.9811581
0,0.014807331
1,0.99031717
0,0.22397079
0,0.9019227
0,0.1754762
0,0.0017838827
1,0.69257003
1,0.7820797
1,0.94103223
1,0.966488
0,0.67680913
0,0.0033960103
1,0.6521808
1,0.17130426
1,0.7195478
0,0.012447092
0,0.025608769
1,0.69462985
0,0.006412337
1,0.97632426
1,0.99241334
1,0.9781066
1,0.92704475
1,0.9697713
0,0.69253063
1,0.995455
0,0.024834586
0,0.03337949
1,0.8089051
0,0.0035253626
1,0.9592268
1,0.99945587
1,0.48966438
0,0.7561011
0,0.103057355
0,0.014632066
1,0.9663774
1,0.8008372
0,0.118394226
1,0.38912416
0,0.03226524
1,0.7852013
0,0.005757544
0,0.01307316
0,0.0038664127
1,0.9943158
1,0.89508486
0,0.012002713
1,0.834731
1,0.9898995
0,0.0043484247
0,0.891892
0,0.0319785
1,0.63090307
1,0.09822955
1,0.4948974
0,0.03693701
1,0.9971597
0,0.0018995309
0,0.008686019
0,0.86614424
0,0.004820229
0,0.79284626
1,0.16321798
1,0.9924034
1,0.8862426
0,0.17893769
0,0.010430985
1,0.9644829
1,0.935088
0,0.029104006
0,0.0041873152
0,0.15420859
0,0.19513428
0,0.0032425018
1,0.99665654
1,0.98604476
0,0.0071386104
1,0.9485592
1,0.9717423
1,0.7858287
0,0.050520167
1,0.9315747
0,0.00918449
0,0.038036227
0,0.2513941
0,0.022695467
1,0.9882731
0,0.061295267
1,0.11335207
0,0.00430162
1,0.13538611
1,0.98386556
0,0.0036939709
1,0.9030114
0,0.04399927
0,0.0046588965
1,0.9482739
1,0.81731087
1,0.49352667
1,0.043706723
1,0.23264822
0,0.2004058
0,0.010321863
0,0.0028010642
0,0.053568736
1,0.5268371
1,0.9682442
0,0.012799843
0,0.0017575318
0,0.087209366
1,0.6359404
1,0.9274937
1,0.8444983
1,0.99881405
0,0.81651044
1,0.74755716
1,0.9789291
0,0.020059953
1,0.06185415
0,0.8980842
1,0.91953313
0,0.059614323
0,0.014458422
1,0.6096247
0,0.010958647
0,0.0053835846
0,0.21106336
0,0.0046807164
1,0.9784152
1,0.9698592
1,0.93801594
0,0.0030889183
0,0.0032977234
0,0.0037416809
1,0.9952357
1,0.95923835
0,0.020867914
0,0.048152152
0,0.01382514
0,0.13844052
1,0.9782835
1,0.99365836
1,0.96037525
1,0.8926768
0,0.014203318
0,0.123117566
1,0.05317098
0,0.009242296
0,0.13721707
0,0.0042069857
1,0.9352949
0,0.067407094
0,0.005007675
0,0.021609373
0,0.0068687364
0,0.055799726
1,0.39514357
1,0.7414998
0,0.0015989436
0,0.0065564676
0,0.044540875
0,0.0049536023
1,0.6669013
0,0.0032520758
1,0.9480277
0,0.008312916
0,0.002442025
0,0.020280408
0,0.0017974081
1,0.9810211
0,0.0027460442
0,0.010321457
0,0.56975913
1,0.81632125
0,0.0041090534
0,0.85383284
1,0.99745923
0,0.0024061024
1,0.8947973
1,0.988463
1,0.52075326
0,0.035955925
0,0.101515315
1,0.33420005
1,0.9747606
1,0.99623024
0,0.018399624
0,0.5048097
0,0.0057889204
1,0.8172557
1,0.9981151
0,0.0021209246
1,0.7540205
0,0.029552715
0,0.0015470551
1,0.8794068
1,0.8578357
0,0.71307087
0,0.003548737
0,0.013949046
0,0.24896707
1,0.99477637
1,0.89505786
0,0.0067837993
0,0.026618475
0,0.0040591336
0,0.007421183
0,0.030153003
0,0.009395102
0,0.049861997
1,0.9504903
1,0.7739671
1,0.8336357
1,0.9021512
0,0.004086061
1,0.95593816
1,0.98333204
0,0.39491966
0,0.006240535
0,0.0069507733
0,0.006873868
0,0.0041475906
0,0.013596838
1,0.9723422
1,0.42754036
1,0.9820799
0,0.0097025
0,0.014324118
1,0.99141914
0,0.015475092
1,0.9762541
1,0.9804165
0,0.14623071
1,0.9606504
1,0.9903173
1,0.8573912
0,0.13234113
1,0.95700383
1,0.99820095
1,0.12856999
1,0.96953726
1,0.96606195
1,0.959149
1,0.9973465
1,0.4849246
1,0.93133783
1,0.95657593
1,0.850427
1,0.9666799
0,0.0020860615
1,0.93566114
0,0.045208137
1,0.98744637
1,0.36960432
0,0.03304915
1,0.99123704
0,0.35689804
1,0.98515445
0,0.08632166
1,0.12230341
1,0.18084648
1,0.9911382
0,0.015029176
0,0.4596677
0,0.030068647
0,0.008428514
0,0.2396551
1,0.926202
0,0.062360555
1,0.104045786
1,0.781953
1,0.8219747
1,0.7435409
0,0.17025766
1,0.99342734
0,0.052412096
0,0.04881021
0,0.017320666
0,0.0027580736
0,0.3740199
1,0.95303434
1,0.6415388
0,0.017735353
1,0.4647721
1,0.93842643
0,0.97188133
0,0.003888719
0,0.19392009
0,0.015116915
0,0.0032178562
0,0.00447751
0,0.02719474
1,0.1354152
1,0.97349924
1,0.8926582
0,0.26136538
0,0.0021195838
1,0.94729424
0,0.29345894
1,0.9948279
1,0.9614353
0,0.005162275
0,0.09049888
0,0.091709346
0,0.009712365
0,0.01326381
1,0.8748187
0,0.026720291
1,0.9952645
1,0.98773926
1,0.9685922
1,0.8944424
0,0.22200492
1,0.48577607
0,0.026084509
1,0.109734096
0,0.002005951
1,0.7341713
1,0.8096997
1,0.99266565
1,0.95910615
0,0.07100175
1,0.9951577
1,0.64287806
0,0.111451246
1,0.69199276
0,0.22854526
1,0.98261344
1,0.960002
1,0.05434107
0,0.118583865
0,0.23408681
1,0.8827011
0,0.00249897
0,0.017538548
0,0.086575106
1,0.4352904
1,0.52040327
0,0.016103895
0,0.7859953
1,0.06265695
0,0.011507706
1,0.8134653
0,0.9136818
0,0.01616586
1,0.7286152
0,0.013414332
1,0.16287835
1,0.93543875
1,0.99589354
1,0.9738142
0,0.003726613
1,0.82630193
0,0.018268947
0,0.09807169
1,0.6992444
0,0.09848065
1,0.9491386
0,0.004631643
0,0.1472573
1,0.99558765
1,0.44330287
0,0.12631187
1,0.8991495
0,0.0086540915
1,0.643109
0,0.21379712
1,0.99414957
1,0.9116048
1,0.98277867
1,0.987853
1,0.8158081
1,0.16868895
0,0.44174024
0,0.38379568
1,0.65891266
0,0.002616851
0,0.004375938
1,0.7750069
0,0.86850953
1,0.9871488
1,0.48271403
0,0.0028483258
1,0.99392575
0,0.04565594
1,0.5073929
0,0.0010900253
0,0.36733827
1,0.98783857
0,0.010009583
0,0.0025548488
0,0.007228595
1,0.6137431
0,0.05407558
1,0.7267348
1,0.02590849
0,0.6786799
0,0.010046838
0,0.0018032377
0,0.018524751
0,0.023080768
0,0.0025052656
0,0.05998635
0,0.36355472
1,0.04057971
1,0.6815311
1,0.98160434
1,0.7053654
1,0.9393606
1,0.7629509
1,0.9930539
0,0.174104
1,0.24114755
0,0.016820852
1,0.36568043
1,0.053675476
1,0.46032834
1,0.6124181
1,0.9928479
1,0.9872151
1,0.9606804
0,0.015912402
0,0.5071077
0,0.009729146
1,0.42819083
1,0.5097118
0,0.5767916
1,0.9932458
0,0.098859385
0,0.0013502075
1,0.97525465
0,0.41461447
1,0.87504476
0,0.020691866
1,0.9338895
1,0.99170965
0,0.06737597
0,0.0962219
1,0.7549117
1,0.9820739
0,0.15014969
0,0.6444573
0,0.033139486
1,0.9471295
1,0.5412236
1,0.9966973
0,0.5654442
1,0.98202163
1,0.058005445
0,0.0062396033
1,0.90955806
0,0.07755763
0,0.039602246
1,0.96294326
1,0.9736037
1,0.97377646
1,0.9755758
0,0.02094925
0,0.17013544
0,0.0737888
1,0.99385065
1,0.83391505
0,0.075550795
0,0.008474975
0,0.0032707995
0,0.0026713514
0,0.003004046
0,0.39411816
1,0.99679667
1,0.9859324
0,0.052173104
1,0.4573598
0,0.0037479196
0,0.07821523
0,0.005214023
0,0.0062952456
0,0.001420332
0,0.0051826085
0,0.11314228
0,0.10022643
1,0.9852782
1,0.6993918
0,0.033105113
0,0.005891247
1,0.99543905
0,0.00121768
0,0.07246787
1,0.85096306
0,0.021977419
0,0.26575807
1,0.47580475
1,0.9971165
0,0.04320773
1,0.7041549
1,0.98719144
0,0.01663999
1,0.95944595
1,0.87765783
0,0.019895257
0,0.0015071558
1,0.90968055
0,0.026237965
0,0.40064126
1,0.9158334
1,0.099818505
1,0.815601
0,0.37988496
1,0.9974098
0,0.0030574203
1,0.9676517
0,0.017102832
0,0.012945833
1,0.8785003
0,0.0043354398
0,0.05959262
1,0.9712616
1,0.28053638
0,0.0027183238
1,0.70708436
1,0.8689561
1,0.13338684
1,0.985905
1,0.9937455
0,0.08070325
1,0.54529595
0,0.18307292
0,0.003636448
1,0.9561143
0,0.014159808
1,0.1946841
0,0.011912659
0,0.023079611
1,0.05747057
0,0.009941519
1,0.97765326
0,0.007514005
0,0.0071316254
0,0.020735366
1,0.9837955
0,0.023522204
1,0.63581663
1,0.80959666
0,0.46711034
1,0.8472609
0,0.10200325
0,0.0076264627
0,0.0019499579
0,0.01757168
1,0.9819252
1,0.20229298
0,0.45995897
1,0.95989627
1,0.31341323
0,0.0015019524
1,0.814035
1,0.0625794
0,0.002075021
1,0.9809009
1,0.8812942
1,0.8146966
1,0.56765425
0,0.010474205
1,0.9077272
0,0.0040532486
1,0.5104213
0,0.14924231
0,0.004270767
1,0.987355
0,0.28624678
0,0.025216147
1,0.37851995
1,0.9803243
1,0.7525738
0,0.0027063657
0,0.038526163
1,0.8351637
1,0.88408166
1,0.4228701
0,0.16113153
1,0.0115562
0,0.011047231
0,0.067017786
0,0.0025142294
0,0.87853193
1,0.85205287
1,0.48637483
0,0.18650132
0,0.043516934
0,0.06830973
0,0.039278995
0,0.004229109
1,0.45908183
1,0.9817126
0,0.013966016
0,0.027325697
0,0.009698095
1,0.062305346
0,0.0032670456
0,0.016061505
0,0.27441266
1,0.84397066
1,0.13665576
1,0.9603149
0,0.0038733832
0,0.17383851
0,0.6424223
1,0.7402858
1,0.3013204
0,0.022039806
1,0.99192584
1,0.99653924
1,0.97578204
0,0.04142704
1,0.44548237
1,0.99147683
0,0.0056430325
1,0.7770894
1,0.9949899
1,0.95029926
1,0.9792264
1,0.7775463
1,0.9956453
0,0.552237
0,0.02804151
0,0.007396451
1,0.96700466
1,0.99409306
0,0.29865792
0,0.0023832063
1,0.5393623
0,0.004392155
0,0.2419165
1,0.18635894
0,0.028050499
0,0.009227235
1,0.78402567
0,0.007552343
0,0.88103086
0,0.004067406
0,0.0023778318
1,0.71435714
1,0.97448206
1,0.82740057
1,0.6175077
0,0.111540586
0,0.02921494
1,0.87510234
1,0.53395754
1,0.97751516
1,0.9287629
1,0.57422173
0,0.036884326
1,0.8871006
1,0.7620577
0,0.014628903
1,0.9899901
0,0.008606889
1,0.9287685
0,0.030414898
1,0.9979608
1,0.42772526
0,0.64894855
1,0.95671004
0,0.042550266
0,0.008085718
0,0.011171872
0,0.79196805
0,0.33825138
0,0.0076017
0,0.014657195
0,0.003781326
1,0.9777759
1,0.90256935
1,0.14410862
1,0.9953182
0,0.0138847325
0,0.0051897573
0,0.034092307
0,0.5001875
0,0.20035316
0,0.0026373947
0,0.35247687
0,0.044285107
0,0.002117376
1,0.97303694
0,0.24305785
0,0.05590168
1,0.9951321
1,0.6897038
1,0.556138
0,0.0019913304
1,0.049119297
0,0.01804346
1,0.96534324
0,0.13691394
1,0.18246262
0,0.105741076
1,0.9239242
1,0.7856375
0,0.029842686
1,0.47984195
1,0.95494443
1,0.7236759
1,0.8733632
1,0.9164285
0,0.27701673
1,0.88229036
0,0.013303073
0,0.0012134464
1,0.6299548
1,0.95053256
0,0.07732231
1,0.9793567
0,0.1291045
0,0.08621643
1,0.9871181
1,0.6287811
1,0.9691359
1,0.9625819
1,0.9692649
1,0.9950296
1,0.8733038
0,0.0032685536
0,0.0016006778
0,0.029837348
1,0.89849114
1,0.7029309
1,0.9953436
1,0.30101067
0,0.35057524
1,0.9984392
1,0.92165405
0,0.72844815
0,0.0042570224
0,0.007898887
0,0.03040381
1,0.9926271
0,0.019116908
1,0.978253
0,0.008806275
1,0.96806794
0,0.9365827
1,0.6552929
1,0.98482823
0,0.13283001
1,0.89962375
0,0.008868613
0,0.0030491294
1,0.54994655
1,0.97772354
1,0.9392361
1,0.98138607
1,0.7636343
1,0.9891711
0,0.0045312895
0,0.04184997
0,0.0055859606
0,0.042097945
1,0.99775404
1,0.98587894
1,0.98460853
0,0.0019706516
0,0.015831105
1,0.96688277
1,0.3690301
1,0.9977919
1,0.8361959
1,0.835107
0,0.007908542
0,0.0063450336
1,0.97589296
1,0.9287096
0,0.0049969023
0,0.0024238788
0,0.04398932
1,0.9987371
0,0.18016003
0,0.004215172
1,0.8576544
0,0.51088244
0,0.25939357
0,0.016459042
1,0.9936937
0,0.0044793263
1,0.9976226
1,0.9980151
1,0.7665198
1,0.63927144
0,0.10639129
0,0.003938902
0,0.00330289
1,0.99406475
1,0.9566869
0,0.0048485515
0,0.0034586936
0,0.002504296
1,0.5828803
1,0.99949926
0,0.032119233
0,0.06525145
1,0.97064996
0,0.0036108783
1,0.7459509
1,0.98557657
1,0.9530755
1,0.9174844
0,0.010392124
1,0.86763924
1,0.98867315
0,0.0017051632
1,0.9968998
1,0.9604503
1,0.9857194
0,0.024318863
1,0.9547233
0,0.49243566
1,0.7916049
1,0.9953606
1,0.38598892
1,0.98521507
1,0.41452852
0,0.025270248
1,0.9948801
0,0.011047487
0,0.0029895029
1,0.9965356
1,0.9791776
1,0.27071047
1,0.98277235
0,0.003378688
0,0.12518156
1,0.6262006
1,0.9734722
1,0.9921423
0,0.014827608
1,0.6081514
1,0.80527806
1,0.47670984
0,0.002522085
1,0.95004076
1,0.87348956
0,0.0026972112
0,0.002168419
1,0.92460114
0,0.0068581505
1,0.96175617
1,0.99485046
0,0.62876886
0,0.07645945
0,0.002682585
1,0.5374647
0,0.09642379
1,0.87646776
0,0.0014401102
0,0.0034764563
1,0.94764423
0,0.012096637
1,0.52256495
0,0.013973229
0,0.023453798
1,0.93514955
0,0.14442047
1,0.084951855
0,0.0067422944
1,0.47778842
0,0.0016227678
1,0.9562776
0,0.0036525303
1,0.9820537
0,0.004281856
0,0.023720814
1,0.29527807
1,0.9472909
0,0.4340131
1,0.64465123
0,0.030491965
0,0.5617855
0,0.07649405
1,0.9760811
0,0.14564723
0,0.0029052442
1,0.9720522
1,0.97240865
1,0.19388281
1,0.97139496
1,0.98172057
1,0.9891983
0,0.011483385
1,0.89080465
1,0.9846744
0,0.001445819
0,0.03189491
1,0.9322705
0,0.0045964723
1,0.9825111
1,0.9949901
1,0.98309207
0,0.049015302
0,0.072852455
0,0.018129835
0,0.1868908
1,0.93992734
1,0.6238009
1,0.9815164
0,0.03951686
1,0.9906366
1,0.24859637
1,0.8561655
1,0.5662254
0,0.008372801
1,0.79125273
0,0.064953595
1,0.8671983
0,0.007927801
0,0.0025779365
0,0.007441012
1,0.29059607
1,0.9733233
0,0.002613049
1,0.99760014
1,0.9681017
1,0.99305135
1,0.02392064
0,0.17594124
1,0.7241239
0,0.0044301925
1,0.9921638
1,0.91745436
0,0.022992952
0,0.011489358
1,0.9711952
1,0.059902493
1,0.070372745
1,0.9871559
1,0.99119824
1,0.9651207
0,0.014540306
1,0.98669934
1,0.8128965
0,0.005793074
1,0.9875126
1,0.9799246
0,0.52792144
1,0.8940774
1,0.15744522
1,0.95133764
0,0.13478774
0,0.5673493
0,0.0014256964
1,0.9849955
1,0.6781197
1,0.9198459
1,0.9978807
0,0.0018649156
1,0.77219313
0,0.08767925
0,0.063967176
1,0.9833853
0,0.011765229
0,0.029883727
0,0.39811835
0,0.0047433157
0,0.017083852
1,0.8666919
0,0.0019054164
0,0.029008584
0,0.16499089
0,0.36332807
1,0.63251513
0,0.0040630465
0,0.003529546
1,0.9364393
1,0.9739395
1,0.9905454
0,0.018003102
0,0.008690709
0,0.0024087653
1,0.6042947
1,0.4289619
1,0.9860439
0,0.005845395
1,0.9789955
1,0.9769888
1,0.9895897
0,0.005175179
1,0.94978994
0,0.8440638
1,0.7968175
0,0.0036298302
1,0.8827457
0,0.0028142075
0,0.004402395
0,0.013796175
1,0.44120258
0,0.0018781805
1,0.9494609
1,0.9841566
1,0.89368564
1,0.96020997
1,0.93352365
1,0.45244005
0,0.04764519
0,0.150864
0,0.007691111
0,0.020571208
1,0.76475316
1,0.97298914
0,0.0023588324
0,0.19679327
0,0.06919604
0,0.0026276396
0,0.03220848
0,0.015251191
0,0.0026132006
0,0.012933524
0,0.017919242
0,0.7137415
0,0.019161617
1,0.8314334
1,0.88316804
1,0.5207435
1,0.79901457
0,0.002553939
1,0.98602015
0,0.028918574
1,0.98640656
0,0.004257448
0,0.0021175405
0,0.005886798
1,0.9785728
1,0.93195224
0,0.33764046
1,0.97626984
0,0.012525757
0,0.13188353
1,0.5127525
0,0.0017526712
0,0.10020517
0,0.8067488
1,0.7363749
1,0.25278434
0,0.01008067
1,0.470005
0,0.007537215
0,0.012435639
0,0.0037801315
1,0.9598326
1,0.9888835
0,0.001407152
1,0.4261904
1,0.9865565
1,0.9084819
1,0.68011975
1,0.99035174
0,0.026973397
1,0.2693366
0,0.00091479544
1,0.31883118
0,0.025592139
1,0.9433796
1,0.9894452
1,0.96656984
1,0.48709193
0,0.09887759
0,0.013367859
1,0.91093296
0,0.0043141837
1,0.24850693
1,0.20214362
0,0.0434851
0,0.07613122
0,0.07250908
0,0.0033680575
1,0.96720064
0,0.016228696
0,0.01343695
1,0.98488015
1,0.72008455
1,0.79115796
1,0.9617902
0,0.005314869
1,0.9713304
1,0.008970181
1,0.94387263
1,0.9758627
1,0.9562272
0,0.0055162488
0,0.011211031
1,0.4185071
1,0.98248494
1,0.736673
0,0.012340511
1,0.95003015
1,0.9896343
0,0.07543329
0,0.01432115
1,0.9658698
0,0.016830264
1,0.3201778
1,0.308203
0,0.006743792
1,0.92521256
0,0.04287538
0,0.060346805
1,0.9606669
0,0.030043883
0,0.31223723
1,0.9206607
0,0.074552834
1,0.81798434
1,0.48276883
0,0.08115037
0,0.0047480785
0,0.04988971
1,0.9522658
1,0.99734706
1,0.9912143
1,0.8945868
1,0.18084168
1,0.8926548
1,0.70163566
0,0.0023789555
0,0.076554425
0,0.011288212
1,0.9778964
0,0.06439876
0,0.06574156
0,0.06948493
1,0.9816984
0,0.0058292565
1,0.8784982
1,0.97060996
1,0.96646726
1,0.1220353
0,0.0030821578
1,0.47494268
0,0.011104139
1,0.8355109
0,0.0016018357
0,0.0029426995
1,0.98504263
0,0.06783235
1,0.96820664
1,0.76157117
0,0.044828605
1,0.8731853
1,0.9782613
1,0.90266
0,0.078821845
1,0.8228277
1,0.9551729
1,0.6748445
1,0.99392134
1,0.97492796
0,0.43325558
0,0.0015770281
0,0.08888222
1,0.8606563
1,0.67372066
0,0.01622805
1,0.9647132
0,0.18470106
0,0.07367306
1,0.79909444
0,0.028186992
0,0.0007256679
1,0.98712826
0,0.13813663
0,0.604301
1,0.57654345
1,0.9691861
0,0.026142217
1,0.5508475
0,0.49292877
0,0.0015800843
0,0.4728868
0,0.09684696
0,0.056220926
0,0.004095998
0,0.08648606
1,0.62327653
0,0.09243796
0,0.30810437
1,0.8364478
1,0.9687286
0,0.36110705
0,0.008514966
0,0.06978613
1,0.99619573
0,0.007214356
0,0.2471356
0,0.008766064
1,0.9493233
0,0.033779535
1,0.51560694
1,0.6926005
0,0.088632055
0,0.13478082
0,0.008183888
0,0.022572968
0,0.0041769687
0,0.013172149
1,0.97415495
1,0.9871582
1,0.99334145
0,0.2784581
0,0.0026052773
1,0.9902776
1,0.5413926
0,0.004850291
1,0.9043108
0,0.013994492
0,0.12585668
1,0.9940224
0,0.002683547
1,0.26665
0,0.17385095
1,0.070959285
1,0.87136865
0,0.0014877439
0,0.106437996
1,0.802402
0,0.019391509
1,0.78754336
1,0.28367397
1,0.747663
1,0.16402975
1,0.69738305
1,0.96411914
0,0.03441323
1,0.8516281
0,0.0042247577
1,0.472098
1,0.96722007
1,0.5822756
1,0.9647257
0,0.26128432
1,0.79747534
1,0.95869666
1,0.35255328
0,0.040038582
1,0.9820741
0,0.056574292
1,0.7213459
0,0.014643963
0,0.0028309815
1,0.9972666
0,0.0018761328
0,0.009243497
1,0.99143773
1,0.98382187
0,0.080376714
0,0.03130588
1,0.5222557
0,0.06550395
0,0.015262262
0,0.008732162
0,0.0064821374
1,0.9764897
0,0.026453368
0,0.0039439383
1,0.7131178
0,0.0061340416
1,0.9374419
0,0.012643842
0,0.004253002
0,0.29096177
0,0.0040420606
1,0.99063337
0,0.3661754
1,0.84731954
0,0.031356715
0,0.041185286
1,0.80540216
1,0.7947837
1,0.2768852
0,0.003830851
1,0.99734855
1,0.9573198
1,0.9984225
1,0.9868487
0,0.006207908
1,0.7279248
0,0.01268183
1,0.48161462
1,0.7616442
1,0.9846119
1,0.94162816
1,0.8960353
0,0.11247728
0,0.005383493
1,0.6624323
0,0.0026101936
0,0.023056658
0,0.0022337735
0,0.019290268
1,0.45369044
0,0.0036648596
0,0.04372945
1,0.43070725
1,0.8676012
1,0.9680517
1,0.4972334
0,0.0036989106
0,0.08359843
0,0.011235345
1,0.89386994
1,0.9831902
1,0.9775177
0,0.078018844
0,0.009560555
1,0.9272761
0,0.11475492
1,0.9907966
0,0.0024677305
1,0.9704909
0,0.10553807
0,0.015733322
1,0.96910995
1,0.36139613
0,0.029348044
1,0.99477726
0,0.00063291815
1,0.5775277
1,0.16174765
0,0.5150272
0,0.024409188
0,0.40790427
0,0.0017710818
1,0.98377955
1,0.9354211
1,0.56977123
1,0.9915708
1,0.97936726
1,0.2924351
0,0.309973
1,0.7289827
0,0.0272024
1,0.060104024
0,0.0021161698
0,0.001705068
0,0.0065963613
0,0.16646425
1,0.90224624
0,0.4005275
1,0.19009128
1,0.097431645
1,0.9339396
1,0.2716378
0,0.01664059
1,0.92039835
1,0.763921
1,0.6187042
0,0.062737174
1,0.846564
1,0.98966986
1,0.94267434
0,0.44966453
1,0.9859584
1,0.7448511
1,0.9937459
0,0.01674066
1,0.9996038
1,0.8420274
0,0.008058018
0,0.004435256
1,0.7919882
0,0.0027127322
0,0.23393802
0,0.04878701
0,0.0024593673
1,0.9273296
1,0.9903523
0,0.1139433
1,0.3098387
0,0.22140642
1,0.98291314
0,0.010222979
1,0.9806993
1,0.99723047
0,0.03855053
1,0.2248608
1,0.90975404
1,0.77258265
0,0.022722527
0,0.042129543
0,0.106361404
1,0.99131
1,0.045286655
1,0.5655495
0,0.021380713
1,0.992521
1,0.98319465
1,0.749993
0,0.02321338
0,0.07453758
1,0.079931915
0,0.8914052
0,0.026279645
1,0.9739873
1,0.928588
0,0.004303276
0,0.022719352
1,0.2976654
1,0.93776107
1,0.9838205
0,0.0027147338
1,0.2051685
1,0.90785086
1,0.90029556
0,0.006552093
1,0.98984724
1,0.89513266
1,0.9519569
0,0.0033773556
1,0.9548167
0,0.035553187
0,0.8578427
1,0.36872524
0,0.9900675
1,0.9826612
1,0.8628994
0,0.036868535
0,0.006381563
1,0.9876568
1,0.9632427
1,0.5871521
0,0.0009916901
0,0.019350804
0,0.0033644263
1,0.10928217
1,0.98926514
0,0.0347375
1,0.57596934
1,0.9160803
1,0.9467711
1,0.9172881
0,0.03062596
1,0.99402356
1,0.91055214
1,0.6855333
1,0.98818284
0,0.060305916
1,0.87276906
0,0.09040236
1,0.9985557
0,0.03550868
1,0.76383126
1,0.483142
1,0.3426189
1,0.98349196
1,0.97663844
1,0.96804863
1,0.8616497
1,0.25168654
0,0.0027729387
0,0.004817727
0,0.056305833
1,0.9956824
1,0.88446397
1,0.9994317
0,0.010461156
0,0.04080425
0,0.020842487
0,0.28885606
1,0.9974866
0,0.00705599
0,0.17418745
1,0.90889996
1,0.9506487
1,0.98459446
1,0.7942467
0,0.0020072495
1,0.82780707
1,0.9781403
1,0.984035
0,0.48043516
1,0.99523765
0,0.6205826
1,0.9991571
1,0.42040625
1,0.96002007
1,0.15000747
0,0.5050856
1,0.9151126
1,0.27962375
1,0.9916589
0,0.0021760718
0,0.29040328
1,0.7555454
1,0.9575763
1,0.93026775
0,0.0056611295
1,0.93374467
0,0.00813797
0,0.041519694
0,0.062227502
1,0.85786575
1,0.9826927
1,0.9887822
0,0.08247788
1,0.9911419
1,0.98898184
0,0.007384788
0,0.018800043
1,0.808138
1,0.37207583
0,0.21015914
1,0.99252045
0,0.003588307
0,0.02320031
1,0.866763
1,0.76505786
1,0.99677056
1,0.9928839
1,0.69066155
0,0.014147219
0,0.0076307547
0,0.0029361409
0,0.9309166
1,0.911985
0,0.019170757
0,0.05925863
0,0.004006648
1,0.81344706
1,0.9949907
0,0.12080999
1,0.96714336
0,0.012538342
0,0.01829428
1,0.91226846
0,0.070766225
1,0.15516157
1,0.991819
0,0.047370303
1,0.99517894
0,0.32281777
1,0.7922545
1,0.9517195
0,0.10002223
0,0.0067953174
0,0.02799318
1,0.37642613
1,0.65688705
0,0.007905325
0,0.026680192
1,0.1213858
0,0.0011910576
1,0.9883565
0,0.0054815775
1,0.98312145
0,0.003243089
0,0.098699264
0,0.018129397
0,0.008911144
1,0.8785424
1,0.37956938
1,0.5827804
1,0.7612028
1,0.9992205
1,0.8988475
0,0.0034817646
1,0.9708982
1,0.98299164
1,0.061952494
0,0.0028844527
0,0.19995487
0,0.002347662
1,0.9980669
0,0.56409883
0,0.0015721674
0,0.2689634
1,0.09270045
0,0.07535805
1,0.9962322
0,0.0014345223
1,0.15592186
0,0.035646636
1,0.8504949
0,0.047982104
0,0.01349514
1,0.820603
1,0.018682493
1,0.9477254
1,0.99677515
1,0.13945118
0,0.0096878
1,0.95705616
0,0.02278629
0,0.0031041824
0,0.042367946
1,0.9542804
0,0.016003799
1,0.9683033
0,0.0024088556
1,0.95438534
1,0.3082168
1,0.86339545
1,0.6424394
0,0.008495118
0,0.0056391754
1,0.9887631
1,0.8305001
1,0.95127296
1,0.9464568
0,0.07762749
1,0.80510366
1,0.9806735
0,0.066577025
0,0.0039482787
1,0.9953006
0,0.0125390915
0,0.07058635
1,0.42950517
1,0.34685737
0,0.0071274694
0,0.025590934
0,0.008459023
1,0.9743986
0,0.0016070352
1,0.986717
1,0.95580393
1,0.9098066
1,0.9196493
1,0.54708993
0,0.0044619325
0,0.014415055
1,0.7397219
1,0.9938486
0,0.09715433
1,0.73918647
1,0.8303323
1,0.18117447
0,0.009767974
0,0.20820378
1,0.62700194
1,0.99406
1,0.9831419
0,0.0023437745
0,0.0105578
0,0.9601158
0,0.033059612
0,0.018892732
0,0.00960014
0,0.14196162
1,0.9213346
0,0.022606181
0,0.007509039
1,0.8568531
1,0.9899065
1,0.034025226
1,0.8034796
1,0.9930824
0,0.23028691
0,0.005205505
1,0.8579589
1,0.9973998
0,0.002528161
0,0.6597672
0,0.05233725
0,0.0040080715
0,0.006614215
0,0.0021524974
1,0.9302831
0,0.0023712849
1,0.86718494
0,0.005690265
1,0.8714437
0,0.17260833
1,0.858562
0,0.011479966
0,0.0027595982
0,0.001758752
1,0.9927478
1,0.9916917
1,0.9816761
0,0.4868499
0,0.07426647
0,0.07786744
0,0.09925701
1,0.8210615
0,0.019059224
0,0.025986562
0,0.15699393
1,0.8050156
0,0.0052293423
0,0.04919494
0,0.023183754
1,0.8066498
1,0.69058293
0,0.008225671
0,0.036814865
0,0.018290777
1,0.43239796
0,0.8918216
1,0.0025348715
1,0.88948333
1,0.9739347
1,0.8552973
0,0.047869183
1,0.8555487
1,0.5997799
0,0.0022822644
0,0.11809335
1,0.33259737
0,0.0025089062
0,0.004051536
1,0.65984756
0,0.0071176267
0,0.035596564
0,0.010592534
0,0.03940607
1,0.87960035
1,0.9716098
0,0.060528457
0,0.0024010593
0,0.01712172
1,0.8349113
1,0.9979707
1,0.3200656
0,0.3588714
1,0.998474
0,0.0050093266
0,0.7109573
0,0.16858724
1,0.6761631
1,0.9232772
1,0.9877424
0,0.14400253
1,0.9106605
1,0.99254096
0,0.0024774452
0,0.01572743
1,0.96948344
1,0.8118796
0,0.19068106
1,0.9933284
1,0.98674726
0,0.08479334
0,0.063813716
1,0.9596678
1,0.898722
0,0.07349464
0,0.020415563
0,0.0109954905
1,0.53862125
0,0.025112897
1,0.9841658
1,0.9918852
0,0.074164085
1,0.17388788
0,0.018009534
1,0.9955907
0,0.08775716
0,0.0040556095
0,0.047225595
1,0.95429343
1,0.9946994
1,0.92157096
0,0.48606557
1,0.99051875
1,0.9468711
0,0.017037433
1,0.032839097
1,0.95078576
0,0.014016142
1,0.98514307
1,0.8824391
0,0.03635082
1,0.9197643
0,0.0034891926
0,0.010696497
1,0.3896741
0,0.0038877772
1,0.80100304
0,0.0019915106
0,0.0023857893
0,0.024028588
1,0.73917025
0,0.022581136
0,0.002881514
1,0.99434817
1,0.79606473
0,0.042419653
1,0.6271935
1,0.20779942
1,0.98207635
1,0.60413885
0,0.0022378413
1,0.4844575
0,0.015883597
1,0.485822
1,0.99664277
0,0.0037997589
0,0.671161
1,0.78613216
0,0.014330193
1,0.4120021
0,0.14249207
1,0.9874727
1,0.95900905
0,0.0023334492
1,0.5917965
1,0.24902642
1,0.8257624
1,0.16673966
1,0.98047316
1,0.97454256
0,0.008407121
1,0.9004854
0,0.2910325
1,0.96692944
0,0.040941637
0,0.0041384622
0,0.005967316
1,0.5330127
0,0.023175236
0,0.057347763
0,0.028336203
0,0.0025741912
1,0.97518593
1,0.97811633
0,0.6405652
1,0.3358307
0,0.044162042
0,0.67007864
1,0.8027202
1,0.81489193
1,0.9758779
0,0.035398398
1,0.9457998
0,0.18677881
0,0.004982894
1,0.9782291
0,0.20356938
1,0.67827916
1,0.9833771
1,0.38658512
0,0.088989586
0,0.0019036399
1,0.952587
0,0.0031267935
1,0.3981547
1,0.9078598
0,0.011606319
0,0.019721393
0,0.07670698
1,0.3451838
0,0.0040176385
1,0.9518725
1,0.39973372
0,0.040098127
0,0.038132112
1,0.9886328
0,0.0034279146
1,0.81264144
1,0.5521244
1,0.599642
0,0.08411345
0,0.024017375
1,0.264178
0,0.06469183
1,0.92706656
0,0.023400463
0,0.008619525
1,0.9834956
1,0.9452706
0,0.012781293
1,0.82867706
1,0.41621226
0,0.070071064
1,0.9430844
1,0.94598514
0,0.0029175875
1,0.95944375
0,0.004549112
1,0.80840826
1,0.80597734
1,0.97094095
0,0.013686812
0,0.9637386
1,0.8546163
1,0.88927937
0,0.060230847
1,0.9913288
0,0.0027072523
0,0.010194495
1,0.92756397
0,0.0060193525
1,0.31478718
1,0.94741154
1,0.85135335
1,0.98990136
1,0.7952516
0,0.0033976566
0,0.0057956674
0,0.18327972
0,0.08567691
1,0.98322403
0,0.065691255
0,0.009277494
1,0.88746816
0,0.0060950113
1,0.9994674
0,0.0018001564
0,0.015534822
0,0.014155961
0,0.011250145
0,0.004288941
1,0.9955231
0,0.050917774
0,0.068102516
1,0.98822093
1,0.98445255
0,0.0071981074
0,0.004471508
1,0.98082674
1,0.9480558
1,0.6044733
1,0.9962547
1,0.9089223
1,0.9958719
0,0.0025762918
0,0.001888335
1,0.5718929
1,0.96651524
0,0.059056673
0,0.0031283933
1,0.7645353
1,0.98258495
0,0.0034824244
1,0.99565774
1,0.9268022
0,0.017827535
1,0.9797566
0,0.021994814
0,0.0045004175
0,0.007871905
1,0.56782013
0,0.0054446273
1,0.9783984
1,0.80269855
1,0.94640183
1,0.9850144
0,0.0757179
1,0.5794858
0,0.0047834055
1,0.95207286
0,0.04491956
0,0.6808194
1,0.7716856
0,0.007851193
1,0.53378344
1,0.9987852
1,0.98634356
0,0.0045797126
1,0.7128395
0,0.12035309
1,0.9437141
1,0.6317327
1,0.99144185
1,0.9063555
1,0.68211645
1,0.26463193
1,0.92481995
0,0.062454164
0,0.048299104
1,0.98953116
0,0.07816749
1,0.18965623
0,0.0018994986
0,0.2090727
0,0.03207312
1,0.9521938
0,0.020071778
1,0.8490888
0,0.032379843
0,0.0025576612
0,0.04959389
0,0.051906858
0,0.056666967
1,0.83086234
1,0.97227645
0,0.002811185
0,0.03026248
0,0.0028646025
0,0.012909489
0,0.021524586
0,0.08479533
1,0.92340624
0,0.0051583257
0,0.0032427872
0,0.022452205
1,0.57789016
0,0.045336977
1,0.98859966
1,0.994145
0,0.16156292
1,0.93709326
0,0.8349318
1,0.9904861
0,0.035895873
0,0.088682234
0,0.17999153
1,0.9811085
0,0.005020716
1,0.5720167
0,0.07505623
0,0.057685144
1,0.085213296
1,0.86873305
0,0.002632622
1,0.10207339
1,0.67664486
1,0.98117536
1,0.99606586
0,0.08955309
1,0.88542795
0,0.04741894
1,0.9671346
0,0.02508565
0,0.0020732176
0,0.03095075
1,0.9834866
1,0.97287476
1,0.6306089
0,0.07700944
1,0.9704486
0,0.079060346
1,0.97319424
1,0.93808913
1,0.66435915
1,0.99583936
0,0.004376166
0,0.24756639
0,0.5547259
0,0.008821555
1,0.702479
0,0.0026788777
1,0.9877734
1,0.9191188
0,0.054734066
1,0.96599597
1,0.8086378
0,0.004662655
0,0.030277519
0,0.0066027795
0,0.18930914
1,0.9878295
0,0.00225874
0,0.056950822
0,0.057765257
1,0.41976702
1,0.9545634
0,0.00063475163
1,0.25186753
1,0.99649924
1,0.1899348
0,0.007990822
0,0.004222746
0,0.0028844967
1,0.9799548
1,0.98783386
1,0.916543
1,0.033353027
0,0.033835445
0,0.020498006
0,0.0065197963
1,0.9874073
1,0.99508584
1,0.9648191
1,0.6338127
1,0.86672926
0,0.0033234004
0,0.009360403
1,0.76127625
1,0.10506193
1,0.9966181
0,0.18703324
1,0.97197056
0,0.0077686077
1,0.8327756
1,0.9412149
0,0.04196377
0,0.050693005
1,0.91440976
1,0.29325145
1,0.23689665
0,0.0048728758
0,0.087527886
0,0.0115918
0,0.08585164
1,0.9251536
0,0.11242131
0,0.0013874659
1,0.4951753
1,0.9975722
1,0.3973434
0,0.0032387916
1,0.006614368
0,0.03881541
0,0.04321121
1,0.7157014
1,0.96844953
1,0.9594867
0,0.038270142
0,0.005744214
1,0.84972906
0,0.0026104813
1,0.7808174
1,0.96887034
0,0.0038245237
1,0.9963086
0,0.002129603
0,0.44764733
1,0.9814239
1,0.038616978
0,0.05896458
1,0.8288471
0,0.0047633583
1,0.8824525
1,0.73096114
1,0.78682745
1,0.9737072
1,0.8381442
0,0.01941996
1,0.9870505
1,0.94895184
0,0.018450787
1,0.18519138
0,0.024599178
0,0.18195942
0,0.08645263
0,0.002184169
0,0.0021835703
0,0.38473278
1,0.9913649
1,0.56728363
1,0.89982754
0,0.049914047
0,0.0250118
0,0.5883644
0,0.013358466
0,0.00916792
0,0.0026008885
1,0.99194854
1,0.06426713
0,0.19520354
0,0.0032258774
0,0.26052472
1,0.99128574
1,0.9123666
1,0.6319426
1,0.9166687
0,0.12525983
1,0.8974843
0,0.08551197
0,0.0035966737
1,0.8507003
1,0.01597906
1,0.91047025
1,0.9969015
1,0.48057482
1,0.89726156
1,0.89414686
1,0.9748185
1,0.9889228
0,0.0050330325
1,0.6995855
1,0.99863046
0,0.47205672
1,0.45156708
1,0.03613358
1,0.84301656
0,0.0030784383
0,0.014143322
1,0.9446803
1,0.98966265
1,0.59715235
1,0.79787123
1,0.9743534
0,0.0062788012
1,0.5937296
1,0.96648985
1,0.9588302
1,0.9703831
1,0.7982915
0,0.016018577
1,0.9632532
0,0.05998278
1,0.07615368
0,0.002488985
0,0.38128838
0,0.17673238
1,0.9793957
0,0.0627352
1,0.3127085
1,0.121076494
1,0.2876613
0,0.008524004
0,0.08502396
0,0.0031191618
1,0.97196686
1,0.6513912
0,0.008042685
0,0.25281206
0,0.008005713
1,0.889032
0,0.017400952
0,0.016698722
0,0.0026794358
0,0.0037573855
1,0.4695891
0,0.011397877
1,0.16916302
0,0.005316669
0,0.0060952045
1,0.1485819
0,0.0053758183
0,0.0034968373
1,0.20607017
0,0.25108442
0,0.0035140975
1,0.11971732
0,0.11830751
0,0.00396081
1,0.9519673
0,0.7618956
0,0.006746935
0,0.033969846
0,0.004499606
1,0.99171984
1,0.7071679
1,0.9610074
1,0.43740147
0,0.111152984
0,0.0015261387
0,0.0017829712
0,0.98221123
1,0.49107665
1,0.20061816
1,0.8735405
1,0.26831988
1,0.9836025
1,0.62640274
1,0.89873
1,0.12564899
1,0.14116639
1,0.9958579
1,0.34145674
1,0.5065162
0,0.11965646
1,0.85577124
0,0.0024996984
1,0.34013554
1,0.70519096
1,0.9704723
0,0.10663789
1,0.3830168
1,0.9942889
0,0.50327486
1,0.98944294
0,0.04870548
1,0.6065156
0,0.0037553406
1,0.7752079
0,0.004485839
0,0.035451565
0,0.004372881
1,0.31342486
0,0.052913412
0,0.068182975
1,0.7023319
1,0.28522176
1,0.84218603
0,0.004583422
1,0.9801068
1,0.9815436
1,0.98110855
1,0.87927794
0,0.021012584
1,0.94425565
0,0.009046519
0,0.005137783
0,0.006843729
1,0.05649081
1,0.9131188
1,0.9991417
0,0.0025562954
1,0.91841716
0,0.083165
1,0.9274546
1,0.9810516
1,0.9971131
1,0.16793498
1,0.96017337
1,0.68127537
1,0.98984146
1,0.9802637
0,0.031115828
0,0.19235829
1,0.51074016
0,0.037804432
1,0.9758186
1,0.98083574
0,0.011788708
1,0.8449732
1,0.8300776
0,0.0017745171
1,0.98341763
0,0.012167185
0,0.032970786
0,0.030960875
0,0.0112784235
1,0.9615849
1,0.91999906
0,0.0028819554
0,0.42367446
1,0.8686015
1,0.95796674
1,0.9987856
0,0.06491758
0,0.29868504
1,0.975954
0,0.0013172952
1,0.95752275
1,0.08656542
0,0.0050630844
0,0.80907506
1,0.92320144
0,0.051847693
0,0.016278882
1,0.99936664
0,0.06647725
0,0.065596074
1,0.99417394
1,0.97516227
1,0.8703946
0,0.045933742
0,0.007211696
0,0.0063463873
0,0.0077695227
1,0.9939696
0,0.0048794863
1,0.9237938
0,0.0077009364
1,0.32776067
0,0.93822265
1,0.9647898
1,0.19696932
1,0.99017316
1,0.13286975
0,0.010179713
1,0.48342085
1,0.9736368
1,0.4323312
0,0.002022162
1,0.9891361
1,0.19434579
1,0.9957983
0,0.0014336108
0,0.008229844
0,0.043729834
1,0.99643064
0,0.096760705
1,0.99090683
0,0.0074724145
0,0.027749473
1,0.39996955
1,0.92918235
0,0.020374777
0,0.07389244
0,0.029672693
1,0.96306044
1,0.4767852
1,0.8784116
0,0.14026143
1,0.26125968
0,0.16448009
1,0.9970809
1,0.5478382
1,0.6295231
0,0.042204745
0,0.016573543
0,0.8589027
0,0.0040525724
1,0.93562543
0,0.04935167
1,0.51230943
0,0.024092494
1,0.5727627
0,0.36562017
1,0.7331675
0,0.005733002
1,0.3530066
0,0.020922873
1,0.8278053
1,0.15012118
0,0.1227227
1,0.092329726
1,0.97184485
0,0.9750418
0,0.38858074
1,0.9441743
1,0.11077508
1,0.95075953
0,0.003279412
1,0.2482558
1,0.49005193
1,0.962398
0,0.040568717
1,0.080710575
1,0.8348201
1,0.8712231
1,0.3642929
1,0.99877775
0,0.2410998
1,0.6985076
1,0.9941171
0,0.007820849
1,0.98133427
0,0.98828274
1,0.9385645
0,0.99703693
0,0.004427367
0,0.01079412
1,0.6590361
0,0.018110104
1,0.46612453
1,0.081744775
0,0.6336586
0,0.2682848
1,0.94899035
0,0.012452766
1,0.99278605
0,0.025283804
1,0.28685355
1,0.94589555
0,0.043162227
1,0.93101776
1,0.9500356
1,0.29401746
0,0.0473312
1,0.87224513
1,0.6337017
1,0.9414637
0,0.06890197
1,0.98753655
0,0.13854238
1,0.66471744
0,0.01456656
1,0.50457084
0,0.011091171
1,0.9882564
0,0.011903272
1,0.74979
1,0.79192203
1,0.88643265
1,0.17046471
1,0.6776884
0,0.2659443
0,0.7310522
1,0.96808183
1,0.96517783
1,0.93069744
1,0.93479705
0,0.027185028
1,0.7768701
1,0.04701118
1,0.66136205
1,0.8910316
1,0.99064356
0,0.0081450045
1,0.7605658
0,0.07337253
1,0.36918563
1,0.9959541
1,0.99821955
1,0.7988113
0,0.01562592
1,0.98672926
0,0.2517151
0,0.071142085
0,0.051354207
0,0.11532936
0,0.06964034
0,0.09357104
1,0.9757211
1,0.770455
1,0.40916753
0,0.003938571
1,0.81696904
0,0.18384577
0,0.027774189
0,0.109791756
1,0.43850318
0,0.010467258
0,0.007844558
0,0.016505815
1,0.88249177
0,0.10230942
0,0.07521953
1,0.9951422
0,0.0009527826
1,0.974924
0,0.12691057
0,0.07799831
0,0.0017172669
0,0.0055543613
0,0.68821174
1,0.98545665
1,0.9986466
0,0.0023859765
1,0.91640985
0,0.3440716
1,0.9785666
1,0.81826586
0,0.014401918
1,0.6429039
0,0.0031084795
0,0.0043019284
1,0.40023485
1,0.890045
0,0.26866645
1,0.04260192
0,0.008721751
1,0.62096405
0,0.088759854
0,0.34439385
1,0.99406147
0,0.7874408
0,0.04050177
1,0.9839178
1,0.9896943
1,0.9117788
0,0.0795611
1,0.9418861
0,0.06882581
0,0.031685796
1,0.9907035
1,0.9175342
1,0.49994093
1,0.9809651
1,0.30832207
0,0.12691014
0,0.010898302
1,0.6605946
1,0.7317745
1,0.9502679
0,0.102683604
0,0.015249381
1,0.9861526
0,0.010818198
1,0.9887338
0,0.0066944933
0,0.0039522788
0,0.0026913737
0,0.01765445
0,0.2000135
1,0.97206855
1,0.8637705
1,0.7345882
0,0.017786661
1,0.9514213
1,0.76643944
1,0.12814184
1,0.1782261
1,0.9505591
1,0.9310082
1,0.9425787
1,0.6805201
1,0.8386818
0,0.06768458
0,0.037457623
1,0.9212285
1,0.98731136
1,0.62277025
0,0.16547166
1,0.93258584
1,0.88190645
1,0.9271937
0,0.013597357
1,0.85978526
1,0.9655639
0,0.0013021396
0,0.3138398
1,0.84193844
0,0.019997366
1,0.9914816
0,0.0024780014
1,0.98930717
1,0.98953915
1,0.09212004
0,0.04814737
0,0.06691313
0,0.75785214
1,0.2801
1,0.9945328
0,0.09635348
1,0.96112627
1,0.94583213
0,0.34508663
0,0.041151665
1,0.79180974
1,0.8723916
0,0.0029201575
0,0.03201964
1,0.92528963
0,0.22123903
1,0.8925448
1,0.9143564
1,0.8946492
1,0.33603537
0,0.10007031
1,0.9312819
1,0.22978593
0,0.05508987
0,0.02044448
0,0.0023545353
0,0.0047113877
0,0.117765464
0,0.13902433
0,0.026929254
1,0.9791667
0,0.00963115
0,0.23049909
0,0.03377517
1,0.94925016
1,0.9737965
1,0.9804457
0,0.0038792624
0,0.012814867
0,0.1675167
1,0.7710933
1,0.8965725
1,0.91646963
0,0.0046529365
1,0.9378436
1,0.5893758
1,0.98502034
0,0.0058819586
0,0.005792006
0,0.31658298
1,0.9850178
1,0.6339286
1,0.4429712
1,0.65140074
0,0.0026615595
1,0.9913978
1,0.61701345
1,0.43542516
1,0.6511431
0,0.0026121556
0,0.075527266
1,0.9902827
0,0.012177407
1,0.98356473
0,0.014302047
1,0.20571019
0,0.031218758
1,0.9716966
0,0.08437167
1,0.8731527
0,0.0036525128
0,0.010777962
1,0.94798386
1,0.9933084
1,0.26235467
0,0.33674988
0,0.0141653735
0,0.004648575
1,0.9778118
1,0.24951719
1,0.8730041
0,0.058749974
1,0.7722293
1,0.93995804
1,0.9150966
0,0.0107003385
1,0.86008334
1,0.9847374
0,0.0031277658
1,0.4365752
0,0.0062201666
0,0.0009311089
0,0.05315561
1,0.9270641
1,0.9757509
1,0.38636222
1,0.8555081
0,0.13037187
1,0.24916328
1,0.7879915
1,0.18571424
1,0.9830389
1,0.9892227
0,0.0055161496
0,0.011682786
1,0.95570683
1,0.7178939
1,0.89712965
1,0.9843484
1,0.8162115
0,0.0098964805
1,0.9912024
1,0.9655923
0,0.28120092
1,0.8076421
1,0.47497386
0,0.0041314834
1,0.8623003
1,0.97498953
1,0.9425021
1,0.5126261
0,0.005711044
0,0.9780644
0,0.011976758
1,0.8558567
0,0.5933779
1,0.9753492
1,0.6728035
1,0.99246365
0,0.012702821
0,0.32015517
1,0.33340934
1,0.92816526
0,0.024911512
0,0.004540147
0,0.0045520454
0,0.02634661
1,0.997762
0,0.009839427
0,0.07867928
1,0.99439317
1,0.8300895
0,0.0033325043
0,0.18688667
0,0.028982641
0,0.0065351343
1,0.18612899
1,0.8234582
0,0.0150948865
0,0.0063518677
1,0.74798924
0,0.0016350191
0,0.28837702
0,0.004017652
1,0.9695541
1,0.49960083
0,0.0009507649
0,0.007244284
1,0.90414226
1,0.98959345
0,0.49445993
1,0.7336259
0,0.005418611
1,0.15800203
1,0.9627616
1,0.9651963
1,0.94013435
0,0.13460581
1,0.6112546
0,0.14211588
0,0.003961702
1,0.76273584
1,0.99738586
1,0.9313292
0,0.07525676
0,0.20671466
1,0.4386456
1,0.39290994
1,0.97076625
0,0.17976141
1,0.99516386
0,0.08742511
0,0.023166986
0,0.024072925
1,0.40171146
0,0.24849805
1,0.02661268
0,0.3447499
1,0.5235244
1,0.9417769
0,0.010785055
1,0.9646525
0,0.15115596
1,0.95396036
0,0.0017702711
1,0.5369079
1,0.7232739
1,0.94737905
1,0.9490712
1,0.50654024
1,0.99432755
0,0.18122965
0,0.010921466
1,0.99352056
0,0.004809504
0,0.026886966
0,0.0035026213
1,0.38694966
0,0.013359101
1,0.8585676
1,0.49832422
0,0.028868968
1,0.9911528
0,0.02916549
0,0.0015452472
0,0.048845727
0,0.026936365
1,0.73903084
0,0.5258668
0,0.0013566016
0,0.030625565
0,0.053872984
0,0.023231497
0,0.0073930104
1,0.99119973
1,0.96228874
1,0.9933437
1,0.5801398
1,0.99924386
0,0.008856667
1,0.9561899
1,0.8396738
1,0.99193805
1,0.6412954
0,0.011010445
0,0.058085196
0,0.011614296
1,0.9954378
1,0.8137804
1,0.3504552
1,0.33404917
1,0.97178626
0,0.016867213
1,0.074854866
1,0.5483493
1,0.8216005
1,0.9188913
1,0.93455946
1,0.30425435
0,0.116786286
1,0.988012
0,0.023806056
0,0.0073964647
1,0.96008
1,0.68918097
0,0.056920893
0,0.041306518
1,0.9412819
0,0.35517427
1,0.7437331
0,0.08467986
1,0.10391862
0,0.0026426995
1,0.90107566
0,0.016701218
0,0.008650833
1,0.9436579
1,0.16140692
1,0.9201856
0,0.0060256147
1,0.8994048
1,0.9540495
1,0.9977941
1,0.9539065
0,0.13028227
1,0.8051369
0,0.012579925
0,0.055574324
1,0.63265795
0,0.19285433
1,0.8473953
0,0.11483271
1,0.7452298
0,0.011806554
1,0.9465925
0,0.028550996
1,0.8418956
1,0.1482043
0,0.003556755
0,0.050827842
1,0.9881036
0,0.04921204
1,0.86672693
0,0.008059148
1,0.9637301
1,0.99700695
0,0.77657086
1,0.9616536
1,0.69392484
0,0.0029173405
0,0.122906536
0,0.05969457
0,0.012793975
1,0.9867833
1,0.9825497
0,0.032065406
0,0.08456897
0,0.003279203
0,0.033768486
0,0.0040058773
0,0.015741594
1,0.38072923
0,0.15978321
0,0.012472568
1,0.9753564
1,0.521583
0,0.03699612
0,0.0022657446
1,0.84857154
1,0.90452546
0,0.9430449
1,0.81431884
1,0.4031051
0,0.01314887
0,0.027488245
1,0.6699864
1,0.99540216
0,0.0060133073
1,0.9764528
0,0.050160017
1,0.1457322
0,0.0054762037
1,0.9884494
0,0.026636923
1,0.9965688
1,0.60471314
0,0.118468255
0,0.013255414
0,0.032286108
0,0.0070813787
0,0.0013045775
1,0.9891415
0,0.020031434
1,0.9791232
0,0.4013072
0,0.023130914
1,0.9654395
0,0.0045743287
0,0.0037896752
0,0.008679407
0,0.021149488
0,0.11043312
1,0.55951655
1,0.9985306
0,0.6970025
1,0.9905292
0,0.003251348
0,0.3850238
1,0.9940237
0,0.0042407154
0,0.039186075
0,0.031453356
1,0.6086547
0,0.0041975435
1,0.41213408
0,0.021328978
1,0.9901826
0,0.011923961
0,0.014266993
1,0.9059828
1,0.84003025
0,0.0020671152
1,0.98761463
1,0.83139324
1,0.39954478
1,0.9899627
0,0.041353505
0,0.21694602
0,0.037166074
0,0.9953809
0,0.0023550035
0,0.0037952708
1,0.9755626
0,0.014266106
1,0.9839121
0,0.0046827756
1,0.9676496
0,0.09213062
0,0.02206559
1,0.52056426
0,0.13340366
1,0.9781842
1,0.99578154
1,0.9563746
1,0.6015524
1,0.6555626
1,0.86097574
0,0.01695057
0,0.0037230332
0,0.738357
1,0.99337125
0,0.004093968
0,0.0030327735
1,0.65194494
1,0.96404064
0,0.022283657
0,0.017223783
0,0.01791502
1,0.9981235
0,0.025882203
1,0.9949448
1,0.93669176
0,0.023467673
1,0.9993204
1,0.4535299
0,0.0041074418
0,0.3954876
0,0.004791212
0,0.0381878
1,0.42519978
0,0.021608505
0,0.05547346
1,0.9811061
1,0.70077866
0,0.02067192
1,0.4948494
1,0.23958616
1,0.99823403
1,0.9792928
0,0.03080109
1,0.9271658
0,0.0615788
1,0.31676954
1,0.94647014
0,0.0629366
0,0.014208973
1,0.9816044
0,0.0064074174
0,0.017618645
0,0.0014605973
1,0.9818772
0,0.0019306302
1,0.99725187
1,0.3399097
1,0.98695636
1,0.98468596
0,0.01490471
0,0.020151604
0,0.08963627
1,0.695446
1,0.36092705
0,0.20327355
0,0.5250207
0,0.009717999
0,0.004554194
1,0.92047536
0,0.14026423
1,0.98384327
0,0.47310638
1,0.5789796
0,0.0022587145
0,0.071801916
1,0.97324973
0,0.049117625
0,0.03295341
1,0.97168064
1,0.7641403
1,0.66554916
1,0.85273755
0,0.0047645336
0,0.3058535
0,0.10192427
1,0.95580935
1,0.94183296
0,0.011360172
1,0.99799395
1,0.5810864
0,0.006733885
1,0.8913303
1,0.9873271
0,0.006003317
0,0.029372653
1,0.52551305
1,0.51580095
0,0.0017780954
0,0.01462085
1,0.38121593
0,0.3373282
1,0.976881
0,0.15324898
1,0.9147602
1,0.97970027
0,0.018774398
1,0.9467979
0,0.0032606886
1,0.9758748
1,0.5238844
0,0.001643911
0,0.0024045054
1,0.95768344
0,0.33489206
1,0.8677836
0,0.0033490767
1,0.17128147
1,0.9933116
1,0.99850345
0,0.03432271
1,0.9943182
1,0.97906965
1,0.18315762
1,0.9924049
0,0.00652991
1,0.9093558
0,0.7514675
0,0.0037692043
0,0.47899768
1,0.9346019
1,0.9972008
1,0.68762255
1,0.6102936
1,0.9252798
1,0.71455586
1,0.9665495
0,0.053646464
1,0.62255585
0,0.0019494114
0,0.048494685
1,0.74032044
0,0.0032359418
1,0.4955802
1,0.8407067
1,0.15053125
0,0.0057639424
1,0.8842158
1,0.9272194
0,0.09939259
0,0.0016822024
1,0.65447223
0,0.80181766
0,0.003158654
0,0.005936599
0,0.013226929
0,0.002981845
0,0.0025270842
0,0.0032878858
1,0.23451981
0,0.0030587474
1,0.9146869
0,0.3965739
0,0.0020017372
1,0.76812184
1,0.7159721
1,0.9513862
0,0.09721854
1,0.9620204
0,0.22355835
1,0.98397344
0,0.04665106
0,0.17958538
0,0.016582927
0,0.008908268
0,0.003142636
0,0.023273805
0,0.1154851
1,0.9812368
1,0.8618145
1,0.9956415
1,0.984162
1,0.5164727
0,0.1442368
1,0.9963859
0,0.013347548
0,0.013257709
0,0.7728672
1,0.65938085
1,0.99479556
0,0.78186995
1,0.9728896
1,0.94575447
0,0.16667527
0,0.9361504
1,0.8922986
1,0.9595333
1,0.9861875
1,0.87601244
1,0.15872252
1,0.9705163
0,0.03524971
0,0.03727265
1,0.99064356
1,0.9714485
1,0.9865047
1,0.9643748
1,0.48499033
0,0.033785474
0,0.014330846
1,0.085047394
1,0.96407217
1,0.27871034
1,0.9299033
1,0.8223501
1,0.90587324
1,0.48930836
1,0.22675823
1,0.293456
1,0.51823217
1,0.78596896
1,0.9748983
1,0.6674924
1,0.23232786
1,0.6141379
0,0.69868493
1,0.6396677
1,0.98717284
0,0.03921545
0,0.03763201
1,0.7352868
1,0.98749596
1,0.4399766
1,0.9758796
1,0.98616755
1,0.66814655
0,0.04323335
1,0.41043928
1,0.75558823
1,0.7419749
1,0.7370296
0,0.01306075
0,0.004508937
1,0.9953576
0,0.09455196
1,0.9742136
1,0.9918697
0,0.025320932
0,0.018289575
0,0.017931614
1,0.97769505
1,0.07378192
1,0.114823945
0,0.0024934998
1,0.17605793
1,0.7482006
0,0.006741866
1,0.7912321
1,0.9728139
1,0.9963494
1,0.46930695
0,0.013640806
0,0.00430118
1,0.99841005
0,0.027552946
0,0.047875483
0,0.03428717
0,0.11360623
1,0.99905956
0,0.09221184
0,0.013632884
0,0.06284848
1,0.9418522
0,0.5498623
1,0.8596727
0,0.017376902
1,0.8819544
1,0.9975252
0,0.03781405
0,0.0074855713
1,0.5551019
0,0.0010866853
1,0.95962834
0,0.14743167
0,0.08761468
1,0.6037578
0,0.118649095
1,0.99396306
0,0.012816617
0,0.004423711
1,0.3396768
1,0.042182628
0,0.006272176
1,0.99702793
0,0.16118804
1,0.81042063
1,0.92743486
0,0.015433128
0,0.6139961
0,0.032317128
1,0.922177
1,0.79815924
0,0.092712626
0,0.60317713
1,0.70157087
0,0.9803374
1,0.26870027
1,0.7687353
0,0.07644698
0,0.008106353
0,0.021289866
1,0.15693896
1,0.95279264
0,0.0020233076
1,0.9838017
0,0.14825854
1,0.1703971
0,0.005470722
0,0.009872894
0,0.021355579
0,0.007336521
1,0.12406253
1,0.78550327
1,0.96225786
1,0.41667727
1,0.9514068
1,0.9381822
1,0.2950779
1,0.98680854
1,0.9508432
0,0.032101054
1,0.9965109
1,0.99631757
0,0.0020809073
1,0.12704928
1,0.3600266
1,0.9770309
1,0.7711139
0,0.030102259
1,0.97692317
0,0.010937885
1,0.9058335
1,0.93187743
1,0.993843
1,0.9296628
0,0.007214277
1,0.698297
0,0.0066079265
0,0.003139532
1,0.9487815
0,0.009438317
0,0.32097512
0,0.011089818
1,0.20206241
1,0.73817754
0,0.01466019
0,0.044793203
0,0.0071808924
1,0.96895057
1,0.17535731
1,0.16312328
0,0.0023344972
0,0.003848195
0,0.02795555
1,0.6823803
1,0.78114736
0,0.007920282
1,0.9274859
0,0.0055643576
1,0.2586125
0,0.12164258
1,0.555075
0,0.0026429899
0,0.026562296
0,0.25043815
1,0.99100125
0,0.006928814
0,0.032482818
0,0.004725399
0,0.012528044
0,0.12811008
0,0.2815716
0,0.003936699
0,0.008280146
0,0.024996154
0,0.010148037
1,0.9225355
1,0.85859233
0,0.005039792
1,0.7519616
0,0.010543886
1,0.7534712
1,0.9438659
1,0.360913
1,0.4053558
0,0.0048871078
0,0.01183689
0,0.014608009
1,0.9517736
1,0.3001884
0,0.009572669
1,0.94326484
1,0.9738627
0,0.006400239
1,0.8576848
1,0.8246311
1,0.9821875
0,0.008641808
0,0.6774528
0,0.008318886
0,0.0031603996
1,0.6938232
0,0.039435655
0,0.007883364
1,0.99120086
0,0.0015955118
0,0.011738668
0,0.030661952
1,0.964396
0,0.0042151557
0,0.09166267
1,0.9373797
1,0.28954223
1,0.76582885
0,0.82279927
1,0.90322983
0,0.022112655
0,0.004218756
1,0.9770598
0,0.004451341
1,0.9901119
1,0.8359518
0,0.027066953
0,0.040720843
1,0.94854224
0,0.0038054378
1,0.25649488
0,0.004708071
1,0.9915265
1,0.9948241
1,0.93335253
1,0.32050902
0,0.03977416
0,0.030615058
1,0.9892867
0,0.001025079
0,0.009107348
0,0.06893846
1,0.9853933
1,0.45905158
1,0.94953156
0,0.070323765
0,0.030105185
1,0.71748585
0,0.01377543
1,0.28492007
0,0.0029807752
0,0.003940538
0,0.014085689
1,0.9697312
0,0.001470737
0,0.006128591
0,0.0016079551
1,0.83487695
1,0.9362705
0,0.06914439
1,0.30653986
0,0.011729484
0,0.027619582
0,0.03719396
1,0.86317205
1,0.73450786
1,0.9691103
0,0.0059073744
1,0.98995453
0,0.029882684
1,0.9358827
0,0.00900494
0,0.004062906
0,0.007876066
1,0.026885845
0,0.0037760953
0,0.0047119604
1,0.60926706
0,0.008426888
1,0.9960789
1,0.9288175
1,0.96213543
0,0.002781441
1,0.58536416
0,0.07280927
0,0.010217287
0,0.0016000507
1,0.998319
0,0.014280028
1,0.9386772
1,0.9647354
1,0.4151092
1,0.9832254
1,0.90845346
0,0.031682447
1,0.8615318
1,0.98289794
0,0.0036779777
1,0.8373987
0,0.74093175
0,0.008840065
1,0.9642293
0,0.014018019
0,0.0016207434
1,0.9266953
1,0.9815771
1,0.51894385
1,0.4224965
0,0.0084606195
1,0.9849819
1,0.993828
0,0.01679823
0,0.032401737
1,0.94531614
0,0.6943684
0,0.010374284
1,0.061130594
1,0.42065653
0,0.009557102
0,0.106675945
0,0.006450025
1,0.98721254
0,0.02296947
1,0.9988114
1,0.8580115
1,0.91082555
0,0.5868871
0,0.016441636
0,0.06146127
1,0.092158474
0,0.021464417
0,0.0026903886
1,0.99646926
1,0.3480842
0,0.0015864532
0,0.016421476
1,0.9546523
1,0.2931185
1,0.97273487
0,0.0016886573
1,0.9154788
0,0.14861909
1,0.95580447
1,0.5162368
1,0.8288289
0,0.09961871
1,0.9243853
0,0.0047971634
0,0.1613546
1,0.85678303
0,0.029352581
1,0.9835707
1,0.83101356
1,0.9684844
1,0.9337671
1,0.30704084
0,0.72649395
1,0.9440715
0,0.021674132
0,0.005741168
1,0.41160575
1,0.6043359
0,0.0072239903
0,0.89354664
0,0.009537834
0,0.34177342
0,0.038205054
1,0.09857944
1,0.98750263
0,0.015064788
1,0.23901334
0,0.043549545
1,0.03737991
0,0.0045390953
0,0.57453156
0,0.058494404
0,0.13221703
1,0.23309152
1,0.9511803
0,0.0039031305
1,0.117055774
1,0.9191435
0,0.0027898706
1,0.105526015
0,0.15280683
1,0.099854715
0,0.40483508
0,0.01988268
1,0.12495943
0,0.0332738
1,0.794377
1,0.67627937
1,0.5412627
1,0.8850478
0,0.053832762
0,0.0025188988
0,0.015014657
0,0.15192965
0,0.052361995
1,0.8940308
1,0.9839954
0,0.060204234
0,0.0032811188
1,0.9848898
1,0.94187313
0,0.098914005
1,0.98924524
1,0.907659
0,0.005698667
0,0.0052329334
1,0.05557295
1,0.89958835
1,0.98866475
1,0.9786966
0,0.0040101046
0,0.004287162
0,0.002029054
1,0.11791766
0,0.024814477
1,0.3358124
1,0.9354123
1,0.93303776
0,0.010892265
0,0.4278495
0,0.13329922
1,0.8840149
1,0.4875029
1,0.038919
1,0.65816647
0,0.0061540916
1,0.8641433
0,0.008109698
0,0.06327347
1,0.981065
0,0.016372472
1,0.96940476
1,0.98438835
1,0.9858622
1,0.87314767
0,0.033363596
0,0.01627453
1,0.97329885
0,0.021205526
1,0.95256513
1,0.36988062
0,0.0028792818
1,0.23345664
0,0.015692744
1,0.9952546
0,0.0156455
0,0.0021036984
0,0.8404349
0,0.044424832
0,0.039199986
0,0.15379412
0,0.016082142
0,0.0056307535
0,0.0048643234
0,0.007969117
0,0.04402215
1,0.97769254
0,0.9121844
1,0.29034308
0,0.021889877
1,0.78784925
1,0.937332
0,0.00525311
0,0.017043224
0,0.03806156
1,0.84427476
0,0.7229532
0,0.15656486
1,0.9790237
0,0.0035201935
1,0.9688447
0,0.0060345894
0,0.8216215
1,0.98013955
0,0.008514008
1,0.94396245
1,0.38291603
0,0.13588053
1,0.6051332
0,0.026819006
1,0.9979444
0,0.011946563
0,0.016453167
0,0.0036745335
0,0.05027239
0,0.002799199
1,0.9676402
0,0.0065215104
0,0.33538193
0,0.020821331
0,0.0025857994
1,0.9719922
0,0.04239934
0,0.12404207
0,0.019700287
1,0.98929495
1,0.966524
1,0.9451048
1,0.9626645
0,0.008425932
1,0.9960996
0,0.0032683488
0,0.0030773166
0,0.87281096
0,0.021572376
1,0.98922914
0,0.14080986
1,0.4182874
0,0.27858308
0,0.007392048
1,0.9865151
0,0.058757223
1,0.7170846
0,0.0030369256
1,0.9860129
0,0.006420101
0,0.0130652
1,0.95880544
0,0.12839913
1,0.99280125
1,0.8210495
1,0.65483326
0,0.015951866
1,0.69370353
0,0.6544057
0,0.0078000408
0,0.13470605
1,0.8444771
0,0.5635078
0,0.054359104
0,0.034381937
1,0.8236217
1,0.5185422
0,0.027269052
1,0.1611383
0,0.012878336
1,0.9815715
0,0.0015497878
1,0.53133816
1,0.91534996
0,0.00791633
0,0.049332067
1,0.7830902
0,0.06075887
0,0.048906192
0,0.1584052
1,0.98921376
0,0.08585004
1,0.32475638
1,0.9071449
0,0.009598957
0,0.024978979
1,0.99419886
0,0.002978562
1,0.9971563
0,0.005624363
0,0.0074645285
0,0.35111657
0,0.02185825
1,0.9947341
1,0.35407573
1,0.855117
1,0.9672714
1,0.99413514
0,0.17979687
1,0.8851643
1,0.98997873
1,0.7799138
1,0.15137127
1,0.98233324
0,0.09962576
0,0.3475964
0,0.012075
1,0.98419064
1,0.5663263
0,0.0033196278
0,0.017175741
0,0.03392825
1,0.3512165
0,0.035122734
1,0.2213732
0,0.050382286
1,0.8104198
1,0.20003514
1,0.9734661
0,0.012828984
1,0.98749393
0,0.85710126
1,0.9885472
1,0.6918831
0,0.05084941
1,0.99740577
1,0.8603612
1,0.44328874
0,0.015440579
1,0.56408334
1,0.0032848497
1,0.9944356
0,0.05227008
1,0.66060454
1,0.9881079
0,0.12886128
0,0.010588068
0,0.073431805
1,0.5611747
0,0.028618447
0,0.0029839808
0,0.14175917
0,0.23254362
0,0.007909663
0,0.5048602
1,0.41335586
1,0.97741365
1,0.9880105
0,0.01703992
1,0.8902293
0,0.06874707
0,0.16802843
1,0.41570356
0,0.02257694
0,0.22656465
1,0.9876301
1,0.99727494
0,0.3914273
1,0.9865903
1,0.95074767
1,0.9490697
1,0.988404
1,0.9936789
0,0.0010920106
1,0.062325615
1,0.9656422
1,0.0037601963
0,0.022145472
0,0.35448974
0,0.12009223
1,0.89991707
1,0.9921706
0,0.006505247
1,0.7753707
0,0.04015715
1,0.95500875
1,0.99709517
1,0.26488155
1,0.052767027
0,0.012754001
0,0.0033569676
1,0.38290167
0,0.0036265997
0,0.009438317
1,0.9981165
1,0.9841602
1,0.9951108
1,0.91818357
0,0.012133606
0,0.014000466
1,0.5695946
1,0.5351104
1,0.9873302
1,0.42788407
1,0.9394623
1,0.98111576
1,0.9382864
1,0.96086174
0,0.014429057
0,0.07195747
1,0.9602227
1,0.96326953
1,0.9182203
1,0.9958518
1,0.37552658
0,0.003046233
1,0.15871285
0,0.030791253
1,0.5647128
1,0.5542356
0,0.003158126
0,0.023328379
0,0.009327048
1,0.15717678
1,0.75742507
0,0.56424206
1,0.97532564
0,0.43570015
1,0.9973577
0,0.006758971
0,0.011053745
1,0.8842349
1,0.9910391
0,0.012416569
1,0.77468187
0,0.013736532
1,0.8392032
0,0.020460218
1,0.99740356
1,0.8334179
1,0.8541561
0,0.50220865
0,0.022910794
1,0.9797692
1,0.9917762
0,0.0931602
0,0.0034447548
1,0.9949699
0,0.03235446
1,0.9599791
1,0.69199103
1,0.5633996
1,0.98785603
1,0.7095208
0,0.034297165
1,0.8933284
0,0.01104855
0,0.0031869551
1,0.92056525
0,0.8652749
1,0.32336015
0,0.038785506
1,0.22962277
0,0.38044304
1,0.46086645
0,0.027403262
0,0.120107986
1,0.24910392
0,0.0029805708
1,0.3621021
0,0.012767456
0,0.0017233128
1,0.82702255
1,0.9793056
0,0.0019917286
1,0.9831021
0,0.014386988
1,0.8377623
0,0.0071803145
0,0.016794125
0,0.018561639
0,0.0031841665
0,0.03341291
0,0.05850542
0,0.010633161
1,0.99344265
0,0.05845874
1,0.9866608
1,0.7981828
1,0.62786967
1,0.60950565
0,0.0071219783
0,0.017844576
1,0.9258987
1,0.93163997
1,0.98561203
1,0.8305494
1,0.9113489
1,0.2384845
1,0.5263199
0,0.37857717
1,0.85494554
0,0.23863538
0,0.004351058
1,0.9628645
0,0.70449597
0,0.050245214
0,0.008679859
0,0.13514732
0,0.0052238116
0,0.17301287
0,0.0038947782
0,0.0033200837
0,0.010726781
0,0.0022738804
1,0.92833954
0,0.007861027
0,0.011067274
1,0.9662356
0,0.013755796
1,0.99728465
0,0.003687625
1,0.9774054
1,0.3185402
0,0.007067559
0,0.021484695
0,0.0066888453
1,0.9949113
0,0.019826874
1,0.9894322
0,0.07467658
1,0.8277776
1,0.5018941
0,0.008099168
0,0.067577824
1,0.33085376
1,0.97824746
0,0.05375569
1,0.41374633
1,0.5062403
1,0.98807794
0,0.002853089
1,0.9912036
0,0.24211562
1,0.6528363
1,0.62656325
1,0.9317119
1,0.6108336
1,0.76509035
1,0.9741743
1,0.1657879
0,0.020341957
1,0.23982832
1,0.98234975
1,0.9685487
0,0.0031692812
1,0.9686192
0,0.037932802
1,0.9978502
1,0.33771524
1,0.9587999
1,0.97089124
1,0.84794486
1,0.9098358
0,0.5713557
0,0.4648617
1,0.68806964
0,0.023715379
0,0.9613869
0,0.0025182243
0,0.0026572265
1,0.5332857
0,0.015382152
1,0.9905017
0,0.043619603
1,0.9833144
0,0.0038550068
1,0.9811874
0,0.0061883964
0,0.15805581
0,0.06491749
0,0.007498328
1,0.6562749
0,0.014020149
0,0.0031251395
0,0.17126857
0,0.32643577
0,0.08601243
0,0.057188924
0,0.043851864
0,0.030822933
0,0.041253757
0,0.013977925
0,0.0028637252
1,0.9782236
0,0.0038296354
0,0.001954828
0,0.50277734
1,0.97582656
1,0.846954
1,0.15466546
0,0.044555124
1,0.9435113
1,0.9834952
0,0.014406663
1,0.8309826
0,0.08903118
0,0.003870696
1,0.7770719
1,0.68743145
1,0.95373803
1,0.7137389
0,0.025260035
1,0.9464917
1,0.94258183
0,0.16180772
1,0.0699922
0,0.03868715
0,0.025943968
0,0.47724098
0,0.018726293
1,0.9763598
1,0.99463063
1,0.952169
0,0.004030031
0,0.0056226323
0,0.022965169
1,0.3150991
0,0.06339035
0,0.003148693
0,0.055272073
1,0.76626015
1,0.22213812
1,0.6729189
1,0.9781395
1,0.9815592
0,0.0048957234
1,0.97927195
1,0.99926096
0,0.39208063
0,0.062011283
1,0.92582184
1,0.7059064
1,0.11566338
1,0.70187056
1,0.4030229
0,0.0026660364
1,0.9444106
1,0.9602552
0,0.0073189363
0,0.0060499366
1,0.027838167
0,0.14846125
0,0.0025886907
0,0.02069099
0,0.016312636
1,0.9739886
1,0.98081166
0,0.010304784
1,0.26015154
0,0.008345054
1,0.9802925
0,0.076147
1,0.3395586
0,0.07839368
1,0.9743134
1,0.9616298
1,0.9968979
1,0.9421516
0,0.085604176
1,0.6531488
1,0.99488163
1,0.991747
0,0.006975389
0,0.008161581
1,0.2207777
1,0.6451118
1,0.6336944
0,0.014225561
1,0.8447594
1,0.79128814
1,0.99201626
1,0.9912734
0,0.14774296
0,0.004024209
0,0.0031680265
1,0.9942877
0,0.31632423
0,0.0031682402
1,0.8417272
0,0.14495635
0,0.08026067
0,0.001631601
0,0.0019052168
1,0.9974432
0,0.006351615
1,0.9795041
1,0.34523866
1,0.8327362
0,0.055606797
0,0.0076458347
1,0.92412543
0,0.017171478
1,0.9992244
1,0.8167304
0,0.05705913
0,0.01742453
0,0.0018510778
1,0.46309668
0,0.023731422
0,0.0018885165
0,0.081594296
0,0.003874375
1,0.9955391
0,0.038058743
1,0.9193747
1,0.9035057
1,0.99878687
0,0.008896446
1,0.92217314
1,0.98832214
0,0.054129135
1,0.15645316
1,0.97019714
0,0.0019304096
1,0.98357224
1,0.9787037
0,0.011022814
1,0.080913834
0,0.0027022774
1,0.9649776
1,0.049290087
1,0.86599857
0,0.0046790414
0,0.0027055603
0,0.014185451
1,0.9954853
1,0.9949508
0,0.046139315
1,0.7336234
1,0.95407206
1,0.5497772
1,0.91974914
1,0.36254534
1,0.9934152
0,0.0013864422
1,0.6455319
1,0.9922997
1,0.9261764
0,0.013593002
0,0.0043517994
0,0.0031707985
0,0.00804116
1,0.9754445
0,0.025633294
0,0.008206903
0,0.004097508
0,0.0018512135
0,0.1992379
1,0.85781634
0,0.0059949234
0,0.91481066
0,0.007822644
0,0.030001435
1,0.3188439
1,0.6001609
1,0.6309257
0,0.059078027
0,0.02431143
0,0.11587313
0,0.007878484
1,0.9890417
1,0.9631239
0,0.13207318
0,0.01603789
0,0.022771228
1,0.94001603
1,0.908569
0,0.009424498
1,0.12127882
0,0.006934283
1,0.9971584
1,0.88578254
1,0.74443495
1,0.70065767
1,0.952413
0,0.009733425
0,0.010613855
0,0.0032283776
0,0.0038629617
0,0.13534734
1,0.9696198
0,0.16310076
1,0.4302615
1,0.8971776
1,0.9967932
0,0.024696754
0,0.045693338
0,0.032634158
0,0.0014402852
1,0.975109
1,0.08574088
0,0.0025559196
1,0.9668074
0,0.042704
0,0.016390035
0,0.07586972
1,0.3342959
0,0.014114322
1,0.720631
1,0.08132736
1,0.9406857
1,0.98893017
1,0.3153567
1,0.6445267
1,0.8877892
0,0.0014323394
0,0.13425182
0,0.022541873
0,0.020715382
0,0.05002857
1,0.8683823
0,0.0055076075
0,0.008577327
1,0.9894629
1,0.9737726
1,0.7777741
1,0.53839636
0,0.94560766
1,0.7978861
1,0.21147318
0,0.002364316
0,0.05065052
1,0.79579306
1,0.9985143
0,0.101240404
1,0.27250645
0,0.010073511
0,0.009978671
0,0.010630577
1,0.86442906
1,0.9931252
1,0.96097815
0,0.003132088
0,0.051055405
1,0.99014837
0,0.026594564
0,0.03629552
1,0.9988379
1,0.99882627
0,0.005640884
1,0.52704895
0,0.004161072
1,0.9969735
0,0.008189133
1,0.9338627
0,0.0019182913
0,0.686388
0,0.0020443345
1,0.5639191
0,0.50658655
0,0.011319355
1,0.96865433
1,0.98221004
0,0.26483038
0,0.009976211
1,0.9989414
0,0.045899667
1,0.9977875
0,0.008405773
1,0.8845722
1,0.94746345
1,0.98546755
0,0.005849705
1,0.9974272
1,0.9941539
1,0.10586166
0,0.19552647
1,0.9696009
1,0.65181637
0,0.048529737
0,0.0012132556
1,0.74895024
0,0.0091773635
1,0.95939755
0,0.0028367457
0,0.018756714
1,0.4541664
0,0.0701085
1,0.98036563
0,0.014129519
0,0.09300602
0,0.0045538996
1,0.7524238
0,0.014108619
0,0.008568893
0,0.0014272722
1,0.98830646
0,0.0043447455
1,0.9948289
1,0.9160598
1,0.67816424
1,0.327357
1,0.90590066
1,0.90194994
1,0.9736027
0,0.028938407
1,0.26858413
0,0.026166722
0,0.7720238
0,0.08233914
1,0.9828535
1,0.99100125
1,0.83095634
0,0.011230202
0,0.003327159
0,0.080567315
1,0.7273801
1,0.83134437
0,0.0023070506
1,0.9837145
0,0.0036056186
0,0.057460148
0,0.0022619234
0,0.007883853
1,0.8704881
1,0.8515317
0,0.0038257118
1,0.94754446
1,0.9941885
1,0.98199207
0,0.004479128
0,0.0026994543
0,0.41570696
1,0.865354
0,0.0080527
0,0.027546119
1,0.84368724
1,0.477651
1,0.83696145
0,0.1065398
1,0.9776645
0,0.012124646
1,0.9716742
0,0.0016925185
1,0.99096805
0,0.008655749
0,0.07902335
1,0.5519051
1,0.6672067
1,0.9587807
0,0.0013247599
0,0.00072035735
1,0.95603216
0,0.031984266
0,0.16142388
1,0.99107796
0,0.1754194
1,0.94836646
1,0.4077028
0,0.003812429
1,0.956966
0,0.006851408
1,0.9816062
1,0.9341252
0,0.07972278
0,0.0018511317
0,0.3849924
1,0.87537205
1,0.9979147
1,0.9281852
1,0.76442
1,0.9071957
1,0.54693913
1,0.9606025
0,0.0042071175
0,0.0017712926
0,0.51340044
0,0.028806603
1,0.97557193
1,0.23858248
1,0.9659678
1,0.99640834
1,0.52909577
1,0.9828095
1,0.9758754
0,0.29595232
1,0.997056
0,0.18669946
1,0.90579075
1,0.9840081
0,0.032580517
0,0.034882605
0,0.0032259645
1,0.38448218
1,0.9878805
0,0.013852583
0,0.009917116
1,0.30180612
1,0.71188724
0,0.4369431
1,0.9105863
0,0.0128248725
0,0.009016546
1,0.88578045
0,0.0059168045
0,0.06893032
0,0.06818625
1,0.62342227
0,0.029911429
0,0.029121244
1,0.9964545
0,0.04683344
0,0.0011215423
1,0.9938116
1,0.21528009
0,0.0022205494
1,0.9583826
1,0.99968
1,0.94915587
0,0.01168641
1,0.9743988
0,0.26128787
0,0.04505897
0,0.18561102
1,0.9956224
0,0.56753886
1,0.17242199
1,0.9230155
0,0.13175663
0,0.00821799
1,0.6987705
1,0.8670843
1,0.122603334
1,0.99218017
1,0.9729956
1,0.9979237
1,0.97035724
1,0.6562267
1,0.5537428
0,0.0071745785
0,0.01824591
1,0.99622446
1,0.83667845
1,0.040495988
0,0.0054953094
1,0.9845345
1,0.44303668
0,0.035829958
0,0.076705314
0,0.012243403
0,0.037167415
1,0.013349363
0,0.004738215
1,0.9936585
1,0.99585205
0,0.00765256
0,0.0109795155
0,0.005480667
1,0.05057085
1,0.99138623
0,0.054358467
1,0.92384064
0,0.2776542
1,0.683691
0,0.014205642
1,0.9868035
0,0.0023521015
1,0.98302495
1,0.97682875
1,0.94872993
1,0.3755585
1,0.4928233
1,0.9865344
1,0.8806213
1,0.9956189
1,0.71977293
1,0.78455764
1,0.8879311
0,0.01800093
1,0.30825597
0,0.01799131
1,0.9890649
1,0.73836863
1,0.9933914
1,0.9903349
0,0.029254895
1,0.9932208
1,0.8060609
0,0.00645739
1,0.62242216
0,0.11203205
0,0.0260659
1,0.99728894
0,0.0151173975
0,0.13139167
0,0.46368086
1,0.9877497
0,0.031699263
1,0.6387494
1,0.40675032
0,0.006388161
1,0.19896644
0,0.0021341587
0,0.0102839125
1,0.7136018
0,0.03633721
1,0.8095952
1,0.8439732
1,0.9663426
1,0.9129806
1,0.4970775
1,0.66718227
0,0.07472246
0,0.02764033
0,0.020832771
0,0.038149193
0,0.002099777
1,0.98396254
1,0.6489541
0,0.0019734362
0,0.03272535
1,0.8640405
1,0.9558334
0,0.0106525
1,0.79650927
0,0.0027048576
1,0.9686664
1,0.79928106
0,0.029779287
1,0.9703948
0,0.028792545
1,0.9884511
1,0.48747322
1,0.99475175
1,0.32030123
0,0.18994822
1,0.8758488
1,0.8195571
1,0.8298865
0,0.0059390985
1,0.3129705
1,0.40227148
0,0.050509404
0,0.012134881
1,0.93118966
0,0.9548525
1,0.3681994
0,0.9063339
1,0.8106084
1,0.9955854
1,0.97130704
0,0.05640437
0,0.077520244
1,0.6759542
0,0.021317381
1,0.99667835
1,0.986086
1,0.98525393
1,0.7271276
0,0.003514428
0,0.01133652
0,0.12114756
1,0.62083644
1,0.7697673
1,0.6593425
0,0.21939702
1,0.33525375
1,0.9970353
1,0.7761527
0,0.0012401935
0,0.0033953793
0,0.010430734
0,0.03685746
0,0.007140882
1,0.73868483
0,0.013708045
0,0.027414218
1,0.35367945
0,0.0043501323
0,0.015646456
