True_Labels,IMSeekr_Score
1,0.299
0,0.515
1,0.0
1,0.0
1,0.0
1,0.0
0,0.0
1,0.372
1,0.0
1,0.171
1,0.0
1,0.0
1,0.0
1,0.0
0,0.0
1,0.0
0,0.0
1,0.0
1,0.0
1,0.0
0,0.0
0,0.0
1,0.0
1,0.0
1,0.0
0,0.0
1,0.0
1,0.0
1,0.0
1,0.0
1,0.0
1,0.0
1,0.0
1,0.0
1,0.517
1,0.0
0,0.0
1,0.0
0,0.0
1,0.0
1,0.0
1,0.0
1,0.0
0,0.0
1,0.0
1,0.197
0,0.0
0,0.0
0,0.0
1,0.0
0,0.0
0,0.0
1,0.0
1,0.0
1,0.0
1,0.0
0,0.396
0,0.0
1,0.0
1,0.0
1,0.0
1,0.0
1,0.236
1,0.0
1,0.0
1,0.0
1,0.0
1,0.0
0,0.0
1,0.0
1,0.0
1,0.0
1,0.0
1,0.0
0,0.0
0,0.0
1,0.0
1,0.474
0,0.192
1,0.4
1,0.0
0,0.376
0,0.0
1,0.0
1,0.0
1,0.0
1,0.0
0,0.0
1,0.0
1,0.0
1,0.32
1,0.0
0,0.0
0,0.344
1,0.0
1,0.0
0,0.389
0,0.0
1,0.0
1,0.0
1,0.228
1,0.0
1,0.0
1,0.0
0,0.0
1,0.0
1,0.0
1,0.0
1,0.0
0,0.0
1,0.0
1,0.0
1,0.0
1,0.0
1,0.0
1,0.0
1,0.0
1,0.23
1,0.0
1,0.0
1,0.0
1,0.437
0,0.0
1,0.0
1,0.0
1,0.0
0,0.0
1,0.0
0,0.0
1,0.0
0,0.0
0,0.0
0,0.0
0,0.0
1,0.363
1,0.0
1,0.0
0,0.0
1,0.0
0,0.0
1,0.336
0,0.0
0,0.0
1,0.0
1,0.0
0,0.0
1,0.0
1,0.398
0,0.316
1,0.532
0,0.0
0,0.0
0,0.0
1,0.0
1,0.396
0,0.0
1,0.0
1,0.0
0,0.306
0,0.0
1,0.0
1,0.0
0,0.0
1,0.0
1,0.0
0,0.0
1,0.0
1,0.0
1,0.277
0,0.0
1,0.0
0,0.0
1,0.0
1,0.0
0,0.0
0,0.0
0,0.0
0,0.0
1,0.0
1,0.0
0,0.0
1,0.0
1,0.0
0,0.0
0,0.0
1,0.0
0,0.0
1,0.0
0,0.0
0,0.0
1,0.0
1,0.317
1,0.0
1,0.0
0,0.0
1,0.0
0,0.0
0,0.0
0,0.0
1,0.0
0,0.0
1,0.371
0,0.0
1,0.0
1,0.0
0,0.0
1,0.0
1,0.0
1,0.401
1,0.0
0,0.225
1,0.198
1,0.0
1,0.0
1,0.0
1,0.0
1,0.0
1,0.0
1,0.0
0,0.0
1,0.473
1,0.0
0,0.0
0,0.491
1,0.425
0,0.0
0,0.0
1,0.0
1,0.0
1,0.0
1,0.0
0,0.0
1,0.0
0,0.0
1,0.0
0,0.0
0,0.0
1,0.0
1,0.0
0,0.0
0,0.0
1,0.0
0,0.0
0,0.0
1,0.0
0,0.0
0,0.0
1,0.341
0,0.0
1,0.0
1,0.0
1,0.0
0,0.0
0,0.0
1,0.0
0,0.0
1,0.0
1,0.0
1,0.0
1,0.0
0,0.0
1,0.0
1,0.0
0,0.0
0,0.0
0,0.0
1,0.0
1,0.0
0,0.0
0,0.0
1,0.0
1,0.0
0,0.0
0,0.419
1,0.0
1,0.0
1,0.0
0,0.0
0,0.0
1,0.0
0,0.0
0,0.0
0,0.0
0,0.0
0,0.0
0,0.0
1,0.386
1,0.0
0,0.0
0,0.0
0,0.0
1,0.0
0,0.0
1,0.0
0,0.0
1,0.0
1,0.0
0,0.0
0,0.0
1,0.0
1,0.0
1,0.0
1,0.0
0,0.0
1,0.0
1,0.0
0,0.0
1,0.0
0,0.0
1,0.0
0,0.0
1,0.0
1,0.0
0,0.0
0,0.0
1,0.0
0,0.0
1,0.0
1,0.0
1,0.0
0,0.0
1,0.0
1,0.0
0,0.0
1,0.0
1,0.0
0,0.492
1,0.0
1,0.0
0,0.0
1,0.0
0,0.495
0,0.0
1,0.0
0,0.0
1,0.0
1,0.356
0,0.0
0,0.0
1,0.0
1,0.0
1,0.37
1,0.0
1,0.0
1,0.0
1,0.238
0,0.0
1,0.0
0,0.0
0,0.0
0,0.0
1,0.0
0,0.0
0,0.0
1,0.0
1,0.0
1,0.0
0,0.0
1,0.0
1,0.0
0,0.0
1,0.0
1,0.0
1,0.0
0,0.0
0,0.0
1,0.0
1,0.0
1,0.0
1,0.0
1,0.0
0,0.0
0,0.0
1,0.0
1,0.0
1,0.0
0,0.0
1,0.0
1,0.0
0,0.0
0,0.0
1,0.0
0,0.0
0,0.0
1,0.0
1,0.0
0,0.0
1,0.0
1,0.0
1,0.0
0,0.0
0,0.0
0,0.0
1,0.0
1,0.0
0,0.0
0,0.0
0,0.0
1,0.0
1,0.0
0,0.0
1,0.0
1,0.0
1,0.0
0,0.0
1,0.0
1,0.0
1,0.0
1,0.0
0,0.0
1,0.0
1,0.0
0,0.0
0,0.0
1,0.0
1,0.0
1,0.0
1,0.367
0,0.256
1,0.0
0,0.0
1,0.0
0,0.0
1,0.0
0,0.505
1,0.0
0,0.397
1,0.0
0,0.0
1,0.0
1,0.272
0,0.0
1,0.369
0,0.0
1,0.302
1,0.0
0,0.0
1,0.0
1,0.0
1,0.0
0,0.0
0,0.0
0,0.0
1,0.0
1,0.0
0,0.0
1,0.0
1,0.0
1,0.0
0,0.393
1,0.0
1,0.0
1,0.0
0,0.0
1,0.0
0,0.0
1,0.0
0,0.0
0,0.0
0,0.0
0,0.0
1,0.0
0,0.0
0,0.303
1,0.241
1,0.0
0,0.363
1,0.368
1,0.0
1,0.422
0,0.0
1,0.0
1,0.0
0,0.0
1,0.0
0,0.0
1,0.0
1,0.0
0,0.0
1,0.0
1,0.0
1,0.0
1,0.0
1,0.0
1,0.0
1,0.0
1,0.0
1,0.0
1,0.0
1,0.0
1,0.461
1,0.475
0,0.448
0,0.0
0,0.0
0,0.0
1,0.0
1,0.0
0,0.0
0,0.0
0,0.0
1,0.0
1,0.0
0,0.0
1,0.0
1,0.0
1,0.0
0,0.27
1,0.0
0,0.0
1,0.0
0,0.23
1,0.0
1,0.0
0,0.28
1,0.0
0,0.0
1,0.0
1,0.0
1,0.0
1,0.0
0,0.0
1,0.0
0,0.0
1,0.0
0,0.373
0,0.0
0,0.0
0,0.0
1,0.0
1,0.0
1,0.0
1,0.0
0,0.0
1,0.0
0,0.281
0,0.293
1,0.0
1,0.0
1,0.0
1,0.0
1,0.0
0,0.0
1,0.0
0,0.0
0,0.0
1,0.0
1,0.0
1,0.0
1,0.0
1,0.0
1,0.0
0,0.373
1,0.0
1,0.373
1,0.0
0,0.0
1,0.0
0,0.0
1,0.317
1,0.0
1,0.0
1,0.0
1,0.0
0,0.0
0,0.0
0,0.403
0,0.0
1,0.0
1,0.0
1,0.0
1,0.0
1,0.0
1,0.0
1,0.0
1,0.0
1,0.0
1,0.0
1,0.0
0,0.0
1,0.0
1,0.0
1,0.0
1,0.0
0,0.0
1,0.0
0,0.0
1,0.0
0,0.0
1,0.0
0,0.0
1,0.0
1,0.0
0,0.0
0,0.0
0,0.0
1,0.0
0,0.0
1,0.0
1,0.0
0,0.0
1,0.0
0,0.0
1,0.0
0,0.111
1,0.325
0,0.0
0,0.0
0,0.324
1,0.0
1,0.255
1,0.0
1,0.0
1,0.0
1,0.0
1,0.0
1,0.0
0,0.0
1,0.0
1,0.0
1,0.0
1,0.0
1,0.0
0,0.0
0,0.0
1,0.0
1,0.0
1,0.0
1,0.0
0,0.0
0,0.0
1,0.262
0,0.0
0,0.0
0,0.0
1,0.0
1,0.0
1,0.0
1,0.352
1,0.0
1,0.0
1,0.0
1,0.298
0,0.0
0,0.0
1,0.0
1,0.0
1,0.0
1,0.0
1,0.0
1,0.0
1,0.401
0,0.0
1,0.0
1,0.161
1,0.0
1,0.236
1,0.0
1,0.0
1,0.0
0,0.0
0,0.282
0,0.0
1,0.0
0,0.0
1,0.0
0,0.0
1,0.0
0,0.0
1,0.0
1,0.0
1,0.0
1,0.0
1,0.0
1,0.0
1,0.427
1,0.43
1,0.0
1,0.0
0,0.0
1,0.0
1,0.375
0,0.0
1,0.0
1,0.0
1,0.0
1,0.0
1,0.0
1,0.0
1,0.0
0,0.0
1,0.0
0,0.0
0,0.0
1,0.0
0,0.286
0,0.0
1,0.0
0,0.0
0,0.0
1,0.0
0,0.0
0,0.0
1,0.0
1,0.0
0,0.266
1,0.0
1,0.0
1,0.0
0,0.0
1,0.0
0,0.0
1,0.0
0,0.0
1,0.0
0,0.0
0,0.0
1,0.0
1,0.0
1,0.0
0,0.0
1,0.0
1,0.0
0,0.0
0,0.0
1,0.0
0,0.0
0,0.0
1,0.0
0,0.0
1,0.387
0,0.0
1,0.0
1,0.0
1,0.0
1,0.0
0,0.0
1,0.0
0,0.0
0,0.0
0,0.0
1,0.0
1,0.0
1,0.0
1,0.0
0,0.0
0,0.0
1,0.0
1,0.0
1,0.0
1,0.0
1,0.0
0,0.0
1,0.0
0,0.0
0,0.0
1,0.0
0,0.292
1,0.0
1,0.0
0,0.478
1,0.0
1,0.0
1,0.0
1,0.0
1,0.0
0,0.0
1,0.0
1,0.0
1,0.0
1,0.0
1,0.233
0,0.0
0,0.0
1,0.0
1,0.0
0,0.0
1,0.0
1,0.0
1,0.0
0,0.0
1,0.0
0,0.32
1,0.0
1,0.0
1,0.0
0,0.0
1,0.0
0,0.0
1,0.0
1,0.0
1,0.0
0,0.0
1,0.0
1,0.0
1,0.0
0,0.0
1,0.0
1,0.0
0,0.0
1,0.0
0,0.0
1,0.0
0,0.0
0,0.0
0,0.0
1,0.373
0,0.349
1,0.0
0,0.0
1,0.0
1,0.259
0,0.0
1,0.0
1,0.0
0,0.0
1,0.0
1,0.0
1,0.0
1,0.0
1,0.0
1,0.0
1,0.0
1,0.0
1,0.342
1,0.0
1,0.0
0,0.0
1,0.0
1,0.0
0,0.0
1,0.0
0,0.0
1,0.0
1,0.0
0,0.0
0,0.0
0,0.0
1,0.0
0,0.0
0,0.0
0,0.0
1,0.0
0,0.0
1,0.0
0,0.223
1,0.0
1,0.0
1,0.0
0,0.0
1,0.0
0,0.0
0,0.0
1,0.0
1,0.0
1,0.0
1,0.0
1,0.0
0,0.0
0,0.268
0,0.0
0,0.442
1,0.0
0,0.0
1,0.35
1,0.0
0,0.0
0,0.0
1,0.0
0,0.0
1,0.0
1,0.396
1,0.0
0,0.0
0,0.0
1,0.466
0,0.0
1,0.0
0,0.0
1,0.0
1,0.341
1,0.0
1,0.0
0,0.0
0,0.0
0,0.0
1,0.0
0,0.0
1,0.0
0,0.0
1,0.0
1,0.382
1,0.0
1,0.0
0,0.0
0,0.0
1,0.365
1,0.0
1,0.0
1,0.0
0,0.0
1,0.386
0,0.0
0,0.0
1,0.0
1,0.0
1,0.0
0,0.445
0,0.326
0,0.0
1,0.424
1,0.0
0,0.0
1,0.0
0,0.0
0,0.0
0,0.0
1,0.0
0,0.0
1,0.0
1,0.0
1,0.0
1,0.0
0,0.362
1,0.0
1,0.0
1,0.0
0,0.0
1,0.0
1,0.0
0,0.0
0,0.0
0,0.0
0,0.0
1,0.0
0,0.0
0,0.0
1,0.0
0,0.0
1,0.316
1,0.0
0,0.0
1,0.0
0,0.0
0,0.22
1,0.0
0,0.0
0,0.0
0,0.0
0,0.0
1,0.0
1,0.0
1,0.0
1,0.0
1,0.0
0,0.361
1,0.347
1,0.0
0,0.0
0,0.0
0,0.0
0,0.0
0,0.0
1,0.0
1,0.0
1,0.0
1,0.0
1,0.249
0,0.0
1,0.305
1,0.0
1,0.28
0,0.0
0,0.0
0,0.0
1,0.0
1,0.0
1,0.0
1,0.0
1,0.0
1,0.427
0,0.379
0,0.0
1,0.0
1,0.376
1,0.0
1,0.0
1,0.45
0,0.0
0,0.0
1,0.26
1,0.497
1,0.0
1,0.0
1,0.0
1,0.0
1,0.0
0,0.0
1,0.0
1,0.0
1,0.0
0,0.0
0,0.337
1,0.416
0,0.0
0,0.348
1,0.0
0,0.0
1,0.0
0,0.0
0,0.43
1,0.0
1,0.0
1,0.0
1,0.0
1,0.163
1,0.384
0,0.0
0,0.0
1,0.0
1,0.0
0,0.0
1,0.0
1,0.0
0,0.0
1,0.0
1,0.0
1,0.0
0,0.0
0,0.0
1,0.0
1,0.358
1,0.471
1,0.0
1,0.0
0,0.0
0,0.0
0,0.0
1,0.0
0,0.0
1,0.0
1,0.0
1,0.0
1,0.0
0,0.0
1,0.0
0,0.0
1,0.0
1,0.0
1,0.0
1,0.0
1,0.0
1,0.0
1,0.0
0,0.0
1,0.0
1,0.0
1,0.0
1,0.0
0,0.0
1,0.0
1,0.0
0,0.0
1,0.0
0,0.0
0,0.0
0,0.0
1,0.0
1,0.0
1,0.0
1,0.226
0,0.0
1,0.0
1,0.0
1,0.0
1,0.0
1,0.421
1,0.0
1,0.0
1,0.0
0,0.0
1,0.0
1,0.0
0,0.0
1,0.0
1,0.0
0,0.0
1,0.452
1,0.0
1,0.0
0,0.409
1,0.0
0,0.0
0,0.0
1,0.0
0,0.0
0,0.454
1,0.0
1,0.0
0,0.0
1,0.0
0,0.0
1,0.0
1,0.0
1,0.0
1,0.0
1,0.0
1,0.478
0,0.0
0,0.0
1,0.0
0,0.0
1,0.0
1,0.0
1,0.261
1,0.355
1,0.0
0,0.0
0,0.0
1,0.0
1,0.0
0,0.0
1,0.0
1,0.0
1,0.0
1,0.0
0,0.0
1,0.0
1,0.0
1,0.0
0,0.0
0,0.0
0,0.243
1,0.0
1,0.0
1,0.0
0,0.0
0,0.0
1,0.0
1,0.0
1,0.367
0,0.061
1,0.0
0,0.0
1,0.0
1,0.456
0,0.0
0,0.0
1,0.0
1,0.0
0,0.0
0,0.0
1,0.195
0,0.214
1,0.0
1,0.0
1,0.507
1,0.0
0,0.0
0,0.0
1,0.0
1,0.0
0,0.0
1,0.0
0,0.0
1,0.0
0,0.0
1,0.0
0,0.0
0,0.0
0,0.0
1,0.255
1,0.0
0,0.0
1,0.0
0,0.0
0,0.0
1,0.0
1,0.0
1,0.327
1,0.0
0,0.467
1,0.0
1,0.0
0,0.0
0,0.0
1,0.0
1,0.0
1,0.0
0,0.0
0,0.0
0,0.0
0,0.0
1,0.0
1,0.0
0,0.0
0,0.0
1,0.0
0,0.0
0,0.0
0,0.0
0,0.0
1,0.0
0,0.0
1,0.0
0,0.0
1,0.0
1,0.0
1,0.0
0,0.0
1,0.0
0,0.0
1,0.0
0,0.0
1,0.358
1,0.0
0,0.0
1,0.51
1,0.0
0,0.0
1,0.0
1,0.0
0,0.0
0,0.0
0,0.0
1,0.0
0,0.0
0,0.267
0,0.0
0,0.0
0,0.335
1,0.0
0,0.0
1,0.369
1,0.0
1,0.0
1,0.0
0,0.0
1,0.0
1,0.0
1,0.0
0,0.0
1,0.0
0,0.0
0,0.0
1,0.0
1,0.0
0,0.0
1,0.207
0,0.0
0,0.0
0,0.0
1,0.422
0,0.0
1,0.0
0,0.0
1,0.0
1,0.0
1,0.0
0,0.0
0,0.0
0,0.0
0,0.0
1,0.0
1,0.0
1,0.0
0,0.0
1,0.0
0,0.0
1,0.0
0,0.0
1,0.0
1,0.319
1,0.272
0,0.0
0,0.0
1,0.0
1,0.438
0,0.0
1,0.0
1,0.0
1,0.0
1,0.0
0,0.278
1,0.0
0,0.0
0,0.0
1,0.258
1,0.341
1,0.0
1,0.0
1,0.0
1,0.0
0,0.0
1,0.0
1,0.0
1,0.0
1,0.0
1,0.0
1,0.0
0,0.0
1,0.0
1,0.0
1,0.372
0,0.0
1,0.0
0,0.0
1,0.0
1,0.0
1,0.0
1,0.0
0,0.278
0,0.0
0,0.0
1,0.0
1,0.0
1,0.0
1,0.0
0,0.0
1,0.0
1,0.0
0,0.0
1,0.0
0,0.0
1,0.0
1,0.0
1,0.0
1,0.0
0,0.0
0,0.0
1,0.0
0,0.0
0,0.0
1,0.0
1,0.0
1,0.0
1,0.0
1,0.0
1,0.0
0,0.0
1,0.0
0,0.0
1,0.0
1,0.0
1,0.0
1,0.0
0,0.0
1,0.0
1,0.0
1,0.0
0,0.0
1,0.0
0,0.0
0,0.0
0,0.0
1,0.0
1,0.0
1,0.0
1,0.0
1,0.0
1,0.406
1,0.0
0,0.452
0,0.0
0,0.0
0,0.0
0,0.0
1,0.0
1,0.0
1,0.0
1,0.0
1,0.0
1,0.0
1,0.0
0,0.0
1,0.0
1,0.0
0,0.361
1,0.0
0,0.0
1,0.0
0,0.0
1,0.0
1,0.0
1,0.0
0,0.0
1,0.0
0,0.0
1,0.0
0,0.162
1,0.0
0,0.0
0,0.0
1,0.0
0,0.0
1,0.324
0,0.0
1,0.0
1,0.0
0,0.408
1,0.0
0,0.0
1,0.0
1,0.0
1,0.0
1,0.0
1,0.0
1,0.0
1,0.0
1,0.0
1,0.273
0,0.0
1,0.0
0,0.0
1,0.0
1,0.0
0,0.0
1,0.0
0,0.0
0,0.0
1,0.0
1,0.0
1,0.502
1,0.0
1,0.0
1,0.0
0,0.395
1,0.366
1,0.0
1,0.0
1,0.0
1,0.0
1,0.0
0,0.0
1,0.0
0,0.0
1,0.191
0,0.0
0,0.0
1,0.0
0,0.0
1,0.0
1,0.329
0,0.0
1,0.0
0,0.0
0,0.0
1,0.0
0,0.331
1,0.0
0,0.0
1,0.0
0,0.0
1,0.0
0,0.0
1,0.0
1,0.0
1,0.292
1,0.4
1,0.453
1,0.0
1,0.0
1,0.0
0,0.0
0,0.0
1,0.0
1,0.0
1,0.416
1,0.0
0,0.0
1,0.0
1,0.507
1,0.0
0,0.0
0,0.0
1,0.413
1,0.0
1,0.544
1,0.0
0,0.0
0,0.462
1,0.0
0,0.0
0,0.0
1,0.0
0,0.0
1,0.0
1,0.405
0,0.0
0,0.0
0,0.0
0,0.0
0,0.0
1,0.0
0,0.0
0,0.0
1,0.0
1,0.0
0,0.0
1,0.0
1,0.0
1,0.0
0,0.0
1,0.0
1,0.0
0,0.0
1,0.0
1,0.0
1,0.385
1,0.0
0,0.342
1,0.0
0,0.0
1,0.0
1,0.0
1,0.0
1,0.0
1,0.0
0,0.0
0,0.0
1,0.0
1,0.377
1,0.0
1,0.0
1,0.0
1,0.0
0,0.33
0,0.0
1,0.0
1,0.0
1,0.0
0,0.0
0,0.0
1,0.236
1,0.346
1,0.0
1,0.0
1,0.399
1,0.0
0,0.0
0,0.0
0,0.408
1,0.0
1,0.259
1,0.0
0,0.0
0,0.0
0,0.0
1,0.0
0,0.0
1,0.359
1,0.0
1,0.0
0,0.0
1,0.434
1,0.0
0,0.0
1,0.0
0,0.0
0,0.0
0,0.0
1,0.0
0,0.0
1,0.0
1,0.257
0,0.0
1,0.374
1,0.0
1,0.0
0,0.0
0,0.0
1,0.0
1,0.0
1,0.0
1,0.0
0,0.0
1,0.0
0,0.0
1,0.0
1,0.0
1,0.0
1,0.0
0,0.0
1,0.0
1,0.0
1,0.0
1,0.0
1,0.0
0,0.0
0,0.0
0,0.0
0,0.0
0,0.0
0,0.0
1,0.364
1,0.0
1,0.0
0,0.0
1,0.0
0,0.0
1,0.0
0,0.0
0,0.0
0,0.0
1,0.0
0,0.0
0,0.0
1,0.0
1,0.0
1,0.0
1,0.0
1,0.0
1,0.0
1,0.0
1,0.0
1,0.0
0,0.0
0,0.0
1,0.0
1,0.0
1,0.0
0,0.0
0,0.0
0,0.0
0,0.0
1,0.0
1,0.0
1,0.0
1,0.0
1,0.0
0,0.0
1,0.0
1,0.0
1,0.0
0,0.0
1,0.0
1,0.0
0,0.394
1,0.0
1,0.0
0,0.0
1,0.0
1,0.21
0,0.416
1,0.0
1,0.0
1,0.0
1,0.0
0,0.401
1,0.0
1,0.0
1,0.0
1,0.0
1,0.0
1,0.0
1,0.0
1,0.0
0,0.0
1,0.0
1,0.36
1,0.0
0,0.0
1,0.0
0,0.0
1,0.0
1,0.0
0,0.0
1,0.0
1,0.0
0,0.0
1,0.0
0,0.0
1,0.0
0,0.0
1,0.0
1,0.0
0,0.0
0,0.0
1,0.0
0,0.0
0,0.4
1,0.0
0,0.0
1,0.0
0,0.0
0,0.0
1,0.0
0,0.0
0,0.0
1,0.0
1,0.0
1,0.33
1,0.0
1,0.0
1,0.0
0,0.0
0,0.281
0,0.0
0,0.0
0,0.0
0,0.0
1,0.0
1,0.0
1,0.34
1,0.0
0,0.0
0,0.0
0,0.0
1,0.0
0,0.0
1,0.0
0,0.0
0,0.0
0,0.0
0,0.498
0,0.0
1,0.0
1,0.0
0,0.0
1,0.0
0,0.0
0,0.0
1,0.0
0,0.0
1,0.0
0,0.0
1,0.0
1,0.0
0,0.0
0,0.0
1,0.0
1,0.482
0,0.0
0,0.0
0,0.0
1,0.0
1,0.0
1,0.179
1,0.0
1,0.0
1,0.396
1,0.279
0,0.0
1,0.0
0,0.394
1,0.0
0,0.0
0,0.0
1,0.0
1,0.0
1,0.0
1,0.0
0,0.0
0,0.0
1,0.0
1,0.0
0,0.0
1,0.0
0,0.0
0,0.375
0,0.0
0,0.0
1,0.0
1,0.0
1,0.332
1,0.0
1,0.0
1,0.0
1,0.0
0,0.0
1,0.0
0,0.0
1,0.349
0,0.175
1,0.0
1,0.242
0,0.0
0,0.0
1,0.404
1,0.0
1,0.0
1,0.0
0,0.0
1,0.0
1,0.0
0,0.0
1,0.0
0,0.0
1,0.0
0,0.0
1,0.0
1,0.0
1,0.239
0,0.0
0,0.0
1,0.0
1,0.0
1,0.0
1,0.0
1,0.345
1,0.0
1,0.0
0,0.0
1,0.0
1,0.0
1,0.0
1,0.0
0,0.0
0,0.0
0,0.0
0,0.0
1,0.0
1,0.0
1,0.0
0,0.0
1,0.452
0,0.0
0,0.0
1,0.0
1,0.0
1,0.0
0,0.0
0,0.0
0,0.205
0,0.0
0,0.289
1,0.0
1,0.0
0,0.0
1,0.0
0,0.0
1,0.0
1,0.0
1,0.493
0,0.506
0,0.0
1,0.0
0,0.0
1,0.0
0,0.0
1,0.0
1,0.0
1,0.0
0,0.0
1,0.0
1,0.0
0,0.0
1,0.313
1,0.298
0,0.0
0,0.252
1,0.365
1,0.0
1,0.0
0,0.0
1,0.0
1,0.0
0,0.0
0,0.273
0,0.0
0,0.0
1,0.0
0,0.0
0,0.111
1,0.0
0,0.0
1,0.0
0,0.447
1,0.431
1,0.0
1,0.0
0,0.0
1,0.0
1,0.0
1,0.168
1,0.0
0,0.0
0,0.0
0,0.0
1,0.0
0,0.0
1,0.0
1,0.0
1,0.348
1,0.0
0,0.0
1,0.0
1,0.0
1,0.0
1,0.0
0,0.0
1,0.0
1,0.0
1,0.0
0,0.0
0,0.0
1,0.444
0,0.0
1,0.0
1,0.0
0,0.0
0,0.0
0,0.0
0,0.407
1,0.0
1,0.0
1,0.0
1,0.0
1,0.0
0,0.0
1,0.451
1,0.0
1,0.0
1,0.0
1,0.0
0,0.221
1,0.0
1,0.0
1,0.0
0,0.0
1,0.0
0,0.0
1,0.0
0,0.0
0,0.0
1,0.0
1,0.0
1,0.0
0,0.0
1,0.0
0,0.0
0,0.0
1,0.0
0,0.0
1,0.286
0,0.0
1,0.0
1,0.0
0,0.0
0,0.0
1,0.0
0,0.0
0,0.0
1,0.0
1,0.0
1,0.0
0,0.0
1,0.0
1,0.0
0,0.0
1,0.0
0,0.0
0,0.0
0,0.0
1,0.0
0,0.0
0,0.0
1,0.0
0,0.0
1,0.0
1,0.0
1,0.0
1,0.0
0,0.0
0,0.0
0,0.0
1,0.0
0,0.0
1,0.0
1,0.0
1,0.0
1,0.0
0,0.0
1,0.0
1,0.0
1,0.0
0,0.0
0,0.0
0,0.0
1,0.0
0,0.0
0,0.0
1,0.0
1,0.0
0,0.0
0,0.0
1,0.0
1,0.0
0,0.0
1,0.291
1,0.0
1,0.303
1,0.0
0,0.0
1,0.0
1,0.308
1,0.0
0,0.356
1,0.0
1,0.0
0,0.0
1,0.0
1,0.435
1,0.0
1,0.335
1,0.0
1,0.0
1,0.0
1,0.513
0,0.0
1,0.381
0,0.0
0,0.0
0,0.0
0,0.434
1,0.412
0,0.0
1,0.369
0,0.0
1,0.0
0,0.0
1,0.0
1,0.253
1,0.0
1,0.0
0,0.0
0,0.0
1,0.0
0,0.0
0,0.0
0,0.0
1,0.0
1,0.0
1,0.0
0,0.0
1,0.0
1,0.0
0,0.0
0,0.0
1,0.0
1,0.0
1,0.0
1,0.0
1,0.0
1,0.0
0,0.0
1,0.0
1,0.0
0,0.0
0,0.0
0,0.0
1,0.0
1,0.0
1,0.0
1,0.0
1,0.0
1,0.0
1,0.0
1,0.0
0,0.0
1,0.0
0,0.0
1,0.0
1,0.0
1,0.0
0,0.0
1,0.0
0,0.0
0,0.0
0,0.527
0,0.0
1,0.305
1,0.0
1,0.0
1,0.0
1,0.0
1,0.0
0,0.0
1,0.0
1,0.0
1,0.0
1,0.0
1,0.0
0,0.0
1,0.0
1,0.0
1,0.0
1,0.0
0,0.0
1,0.0
1,0.0
1,0.0
1,0.0
0,0.0
0,0.336
1,0.0
0,0.0
1,0.0
1,0.498
1,0.0
1,0.0
0,0.0
0,0.0
0,0.0
1,0.0
1,0.0
1,0.0
1,0.0
1,0.0
1,0.0
1,0.0
1,0.0
1,0.0
0,0.303
0,0.0
1,0.0
1,0.0
0,0.0
1,0.0
1,0.0
1,0.0
0,0.0
1,0.0
1,0.0
1,0.0
0,0.0
1,0.0
1,0.0
1,0.0
1,0.388
0,0.0
0,0.0
0,0.0
0,0.0
1,0.326
0,0.0
1,0.283
0,0.429
1,0.0
1,0.0
0,0.0
1,0.0
1,0.0
0,0.0
1,0.0
1,0.0
1,0.0
1,0.0
1,0.441
1,0.0
1,0.0
1,0.0
0,0.0
1,0.392
0,0.0
1,0.0
1,0.32
1,0.0
0,0.0
1,0.0
1,0.373
1,0.0
1,0.0
0,0.0
1,0.0
0,0.0
1,0.442
0,0.0
1,0.0
0,0.0
0,0.0
1,0.0
1,0.0
1,0.0
1,0.0
1,0.0
1,0.0
0,0.0
0,0.225
0,0.413
0,0.0
0,0.0
1,0.0
0,0.0
0,0.0
1,0.0
1,0.0
1,0.0
1,0.0
1,0.0
0,0.0
1,0.0
0,0.517
0,0.0
1,0.0
1,0.45
0,0.0
1,0.0
1,0.0
1,0.0
1,0.0
1,0.0
0,0.0
0,0.0
0,0.0
1,0.0
1,0.0
0,0.0
1,0.0
1,0.0
1,0.0
0,0.0
0,0.0
1,0.432
1,0.0
0,0.0
1,0.0
1,0.45
1,0.0
0,0.0
1,0.0
1,0.0
0,0.0
0,0.0
0,0.0
1,0.0
1,0.471
0,0.138
0,0.0
0,0.0
0,0.0
0,0.0
1,0.0
1,0.373
0,0.0
0,0.0
1,0.0
1,0.0
0,0.0
1,0.0
0,0.0
0,0.0
0,0.167
0,0.0
0,0.274
0,0.365
1,0.0
0,0.0
1,0.0
1,0.0
0,0.0
0,0.426
1,0.0
1,0.0
1,0.0
0,0.0
1,0.0
1,0.0
0,0.0
0,0.0
1,0.0
0,0.0
1,0.0
0,0.0
0,0.216
1,0.44
1,0.0
0,0.0
0,0.0
1,0.0
0,0.0
0,0.0
0,0.0
0,0.296
0,0.0
0,0.0
1,0.0
0,0.0
1,0.0
0,0.0
1,0.0
1,0.0
0,0.0
1,0.0
1,0.0
0,0.0
0,0.0
0,0.0
0,0.0
0,0.0
0,0.0
0,0.0
1,0.0
0,0.0
0,0.0
1,0.0
1,0.0
1,0.0
1,0.0
1,0.0
1,0.0
1,0.0
1,0.0
1,0.353
1,0.0
1,0.0
0,0.0
1,0.0
0,0.358
0,0.0
1,0.0
1,0.0
0,0.0
0,0.179
0,0.0
0,0.0
1,0.0
0,0.0
0,0.0
1,0.0
1,0.0
0,0.232
0,0.0
1,0.0
1,0.0
1,0.0
1,0.216
0,0.287
1,0.0
1,0.0
1,0.0
1,0.0
0,0.0
1,0.0
1,0.0
0,0.0
1,0.363
1,0.0
1,0.0
1,0.0
0,0.299
1,0.0
0,0.0
1,0.0
1,0.0
0,0.0
1,0.0
0,0.184
1,0.379
1,0.0
0,0.361
1,0.0
1,0.0
0,0.0
1,0.0
0,0.0
1,0.0
0,0.0
1,0.0
0,0.0
1,0.0
1,0.249
1,0.0
1,0.0
1,0.0
0,0.0
0,0.0
1,0.0
1,0.0
1,0.0
1,0.0
1,0.0
1,0.0
0,0.0
1,0.0
1,0.0
0,0.0
0,0.0
1,0.0
1,0.0
1,0.0
1,0.0
0,0.0
1,0.0
1,0.0
1,0.0
1,0.0
1,0.0
0,0.0
1,0.0
1,0.0
1,0.0
1,0.0
1,0.0
1,0.0
0,0.0
1,0.0
0,0.349
1,0.0
1,0.0
1,0.0
1,0.429
0,0.0
1,0.462
1,0.0
0,0.0
1,0.0
1,0.0
0,0.0
0,0.0
0,0.0
1,0.0
1,0.0
1,0.0
0,0.0
1,0.0
0,0.0
1,0.0
0,0.0
1,0.0
1,0.0
0,0.0
1,0.0
1,0.0
1,0.207
1,0.0
0,0.0
0,0.0
0,0.0
1,0.0
0,0.0
1,0.0
1,0.0
0,0.0
0,0.0
1,0.0
1,0.0
1,0.0
0,0.0
1,0.0
0,0.0
1,0.0
0,0.0
1,0.0
1,0.0
1,0.0
1,0.355
0,0.0
1,0.0
1,0.0
0,0.0
1,0.0
1,0.0
1,0.0
0,0.31
1,0.0
1,0.45
0,0.0
1,0.0
1,0.0
1,0.318
1,0.0
0,0.0
0,0.0
1,0.0
1,0.0
1,0.0
1,0.0
1,0.478
1,0.0
1,0.0
1,0.366
1,0.0
1,0.0
1,0.216
1,0.0
0,0.0
0,0.0
0,0.257
1,0.0
1,0.0
0,0.0
0,0.195
1,0.0
1,0.0
1,0.0
0,0.0
1,0.0
1,0.0
1,0.0
1,0.0
0,0.0
1,0.0
1,0.0
1,0.0
0,0.0
0,0.0
1,0.0
0,0.0
1,0.0
1,0.0
1,0.0
1,0.0
1,0.0
0,0.0
1,0.0
0,0.0
1,0.0
0,0.0
1,0.0
0,0.0
1,0.0
1,0.0
1,0.0
0,0.0
1,0.0
1,0.316
1,0.0
0,0.316
0,0.0
0,0.0
1,0.0
1,0.0
1,0.0
1,0.0
0,0.0
0,0.0
0,0.361
0,0.389
1,0.0
1,0.0
0,0.0
0,0.0
0,0.0
1,0.0
1,0.0
1,0.356
1,0.352
1,0.0
0,0.0
1,0.0
1,0.0
1,0.0
1,0.0
1,0.0
0,0.0
1,0.0
0,0.0
0,0.221
1,0.0
1,0.0
1,0.0
1,0.0
1,0.0
1,0.0
0,0.0
0,0.0
1,0.0
1,0.0
1,0.0
0,0.0
1,0.0
1,0.0
1,0.0
1,0.362
0,0.0
1,0.0
0,0.0
0,0.364
1,0.0
1,0.0
1,0.0
0,0.0
0,0.0
1,0.394
0,0.0
0,0.0
1,0.0
1,0.0
0,0.0
1,0.0
0,0.188
1,0.0
1,0.0
1,0.0
0,0.0
0,0.0
1,0.0
1,0.393
1,0.0
0,0.0
1,0.331
1,0.0
1,0.0
0,0.0
1,0.0
0,0.0
0,0.234
0,0.396
1,0.493
0,0.0
0,0.0
1,0.0
0,0.0
0,0.0
1,0.0
1,0.368
1,0.0
1,0.339
0,0.0
0,0.0
0,0.0
1,0.0
1,0.453
1,0.0
1,0.0
0,0.0
0,0.0
0,0.0
1,0.0
1,0.0
1,0.0
0,0.0
1,0.0
1,0.0
0,0.0
1,0.0
1,0.0
1,0.0
0,0.0
1,0.0
0,0.0
0,0.264
0,0.0
0,0.361
0,0.0
1,0.0
0,0.0
0,0.0
1,0.0
1,0.0
1,0.0
0,0.0
1,0.0
0,0.0
1,0.0
1,0.0
1,0.0
0,0.0
0,0.0
1,0.411
0,0.0
0,0.0
0,0.0
1,0.0
1,0.0
1,0.0
1,0.0
0,0.0
1,0.0
0,0.0
0,0.0
1,0.0
0,0.0
1,0.0
1,0.0
0,0.0
1,0.0
0,0.0
0,0.0
1,0.0
1,0.0
0,0.0
1,0.471
1,0.458
1,0.0
0,0.0
0,0.0
1,0.0
1,0.286
0,0.0
1,0.0
1,0.0
1,0.0
1,0.0
1,0.0
1,0.0
1,0.0
1,0.0
1,0.232
0,0.0
1,0.0
0,0.384
1,0.0
1,0.0
1,0.0
1,0.207
1,0.366
1,0.446
1,0.0
1,0.0
1,0.0
1,0.0
1,0.0
0,0.0
1,0.0
0,0.0
1,0.0
1,0.0
0,0.0
0,0.0
1,0.0
1,0.367
1,0.0
0,0.0
0,0.0
1,0.0
1,0.0
0,0.0
1,0.0
0,0.14
0,0.237
1,0.0
1,0.0
0,0.0
0,0.0
0,0.0
1,0.0
0,0.0
0,0.0
1,0.0
1,0.0
0,0.299
1,0.0
1,0.0
1,0.0
1,0.444
1,0.0
1,0.0
1,0.0
0,0.0
1,0.0
0,0.0
0,0.0
1,0.0
0,0.0
0,0.0
0,0.0
1,0.345
1,0.0
1,0.0
0,0.0
0,0.0
1,0.0
1,0.0
1,0.0
0,0.0
0,0.0
0,0.0
0,0.29
1,0.0
1,0.0
1,0.0
1,0.0
0,0.283
0,0.0
1,0.0
0,0.462
0,0.0
0,0.248
1,0.0
0,0.0
1,0.0
1,0.0
0,0.0
0,0.0
0,0.0
1,0.354
0,0.0
1,0.0
0,0.0
0,0.0
1,0.0
1,0.0
1,0.0
1,0.0
0,0.0
1,0.0
1,0.0
1,0.0
1,0.0
1,0.0
1,0.0
0,0.0
1,0.0
1,0.0
1,0.236
0,0.0
0,0.0
0,0.389
1,0.0
1,0.0
0,0.0
1,0.0
1,0.0
0,0.0
1,0.0
1,0.0
1,0.0
1,0.0
1,0.0
1,0.0
0,0.439
1,0.0
0,0.0
1,0.0
1,0.0
1,0.0
0,0.0
0,0.0
1,0.0
0,0.0
0,0.0
1,0.0
1,0.0
1,0.306
1,0.0
0,0.439
0,0.0
0,0.0
1,0.0
1,0.0
1,0.0
1,0.0
1,0.0
0,0.0
0,0.0
1,0.0
1,0.0
1,0.0
0,0.247
1,0.19
1,0.0
1,0.0
0,0.0
1,0.0
1,0.0
0,0.0
0,0.0
1,0.0
1,0.0
0,0.0
1,0.0
1,0.0
0,0.0
1,0.0
1,0.0
1,0.0
1,0.0
1,0.0
0,0.0
1,0.0
1,0.0
1,0.0
1,0.0
1,0.0
1,0.322
0,0.0
1,0.0
1,0.0
1,0.291
0,0.0
1,0.386
0,0.0
1,0.0
0,0.0
0,0.0
1,0.0
1,0.0
0,0.558
1,0.0
0,0.0
0,0.0
1,0.0
0,0.0
0,0.0
1,0.0
1,0.37
0,0.0
1,0.0
1,0.0
1,0.0
0,0.0
1,0.0
0,0.0
0,0.0
0,0.0
0,0.0
1,0.0
0,0.305
1,0.0
1,0.0
0,0.0
0,0.0
1,0.0
0,0.0
1,0.0
0,0.0
1,0.0
0,0.0
1,0.0
1,0.36
0,0.0
0,0.0
1,0.0
0,0.321
1,0.0
0,0.0
1,0.0
1,0.0
1,0.38
1,0.0
1,0.0
0,0.0
0,0.0
0,0.0
0,0.0
1,0.0
1,0.0
0,0.0
1,0.441
1,0.0
1,0.448
1,0.0
0,0.0
0,0.0
1,0.0
1,0.0
0,0.0
0,0.0
0,0.0
0,0.0
0,0.0
1,0.0
1,0.0
0,0.0
1,0.0
1,0.0
0,0.0
0,0.0
0,0.0
1,0.0
1,0.0
0,0.0
1,0.0
1,0.0
1,0.0
0,0.0
0,0.0
1,0.0
1,0.0
1,0.0
1,0.0
1,0.0
1,0.0
1,0.429
0,0.0
1,0.0
1,0.0
1,0.0
0,0.0
0,0.0
1,0.0
1,0.0
1,0.0
0,0.342
0,0.0
1,0.0
0,0.0
1,0.0
1,0.0
1,0.0
1,0.231
1,0.0
0,0.0
1,0.0
1,0.0
0,0.311
0,0.0
1,0.0
0,0.0
1,0.0
1,0.0
0,0.0
1,0.0
0,0.0
1,0.0
0,0.0
0,0.38
0,0.0
1,0.0
1,0.0
1,0.0
0,0.0
0,0.0
1,0.0
1,0.0
1,0.0
1,0.0
1,0.272
1,0.0
1,0.0
1,0.0
1,0.0
0,0.0
1,0.0
1,0.0
1,0.291
1,0.0
1,0.0
0,0.0
1,0.0
0,0.0
1,0.0
0,0.0
1,0.0
1,0.0
0,0.0
1,0.0
1,0.0
0,0.0
1,0.0
1,0.0
1,0.367
0,0.0
1,0.0
0,0.0
0,0.0
1,0.0
0,0.0
1,0.0
0,0.0
0,0.0
1,0.0
1,0.355
0,0.0
1,0.0
0,0.0
1,0.0
1,0.0
1,0.0
1,0.0
0,0.0
1,0.361
1,0.0
1,0.0
0,0.0
1,0.0
1,0.0
1,0.224
1,0.0
0,0.0
1,0.0
1,0.0
1,0.0
1,0.0
1,0.0
1,0.0
1,0.0
0,0.0
1,0.0
1,0.0
1,0.0
1,0.0
1,0.0
1,0.0
1,0.0
0,0.0
1,0.0
1,0.0
0,0.0
0,0.0
1,0.228
0,0.0
0,0.0
1,0.0
0,0.0
0,0.0
1,0.0
1,0.0
0,0.0
1,0.0
1,0.242
0,0.423
1,0.422
1,0.455
0,0.0
0,0.0
0,0.459
1,0.0
0,0.0
1,0.0
1,0.0
1,0.293
1,0.0
1,0.0
0,0.0
1,0.126
1,0.0
0,0.26
0,0.0
0,0.0
0,0.0
0,0.0
0,0.0
1,0.0
1,0.349
1,0.0
1,0.0
0,0.0
1,0.0
0,0.0
0,0.0
1,0.0
0,0.0
0,0.0
1,0.0
0,0.0
1,0.0
1,0.0
1,0.0
1,0.0
0,0.0
1,0.0
1,0.0
1,0.0
0,0.0
0,0.309
1,0.0
1,0.0
0,0.0
0,0.0
0,0.0
1,0.0
1,0.0
1,0.0
0,0.0
1,0.347
1,0.0
1,0.0
1,0.0
1,0.0
0,0.0
0,0.0
1,0.0
1,0.0
0,0.381
1,0.0
0,0.16
1,0.0
0,0.0
0,0.0
1,0.0
0,0.0
0,0.0
1,0.0
0,0.0
0,0.0
0,0.0
0,0.383
1,0.0
1,0.0
1,0.0
1,0.0
1,0.0
0,0.0
0,0.0
0,0.0
0,0.0
1,0.464
1,0.0
1,0.0
1,0.0
1,0.0
0,0.0
1,0.0
1,0.0
1,0.0
1,0.0
1,0.0
1,0.0
1,0.0
1,0.0
1,0.0
1,0.0
1,0.0
1,0.433
1,0.0
1,0.361
1,0.0
0,0.0
1,0.0
0,0.0
1,0.0
0,0.0
1,0.0
1,0.0
1,0.0
0,0.0
1,0.0
1,0.0
1,0.0
0,0.0
1,0.0
1,0.0
1,0.0
1,0.0
0,0.0
0,0.0
0,0.0
1,0.341
0,0.0
0,0.0
1,0.0
1,0.0
1,0.234
1,0.0
0,0.385
0,0.395
0,0.0
1,0.0
1,0.0
1,0.0
1,0.0
1,0.0
1,0.0
1,0.0
0,0.0
0,0.0
1,0.0
1,0.0
1,0.0
1,0.25
0,0.0
0,0.0
1,0.0
1,0.0
1,0.0
1,0.311
0,0.0
1,0.0
0,0.402
1,0.0
0,0.0
0,0.0
0,0.0
1,0.0
0,0.0
1,0.0
1,0.236
0,0.41
1,0.0
1,0.0
1,0.0
0,0.0
1,0.0
0,0.0
1,0.0
1,0.0
1,0.0
1,0.0
1,0.0
1,0.0
1,0.0
0,0.0
1,0.0
1,0.0
0,0.0
1,0.0
0,0.402
1,0.0
1,0.0
1,0.371
1,0.0
0,0.0
1,0.34
0,0.0
1,0.0
1,0.0
0,0.0
1,0.243
0,0.0
1,0.0
1,0.0
0,0.0
1,0.0
1,0.0
0,0.0
0,0.0
0,0.0
0,0.0
0,0.0
1,0.0
1,0.0
1,0.0
1,0.331
0,0.0
1,0.0
1,0.0
0,0.0
0,0.378
0,0.0
0,0.0
1,0.0
0,0.0
0,0.0
1,0.0
1,0.0
1,0.362
0,0.0
0,0.0
1,0.0
0,0.0
1,0.435
0,0.0
0,0.0
1,0.0
0,0.0
1,0.0
0,0.385
1,0.0
1,0.0
1,0.0
0,0.0
0,0.234
1,0.0
0,0.0
1,0.0
1,0.0
1,0.0
1,0.0
0,0.0
1,0.0
1,0.0
1,0.0
0,0.0
1,0.0
1,0.0
1,0.0
1,0.0
1,0.0
1,0.0
1,0.317
0,0.0
0,0.0
1,0.314
0,0.0
1,0.0
0,0.0
1,0.0
1,0.0
1,0.0
1,0.0
1,0.0
1,0.0
1,0.0
0,0.0
1,0.0
0,0.0
0,0.0
0,0.0
0,0.195
1,0.0
1,0.0
1,0.373
1,0.0
0,0.0
1,0.0
1,0.0
0,0.441
1,0.0
1,0.0
1,0.0
1,0.0
0,0.382
0,0.0
0,0.303
1,0.0
1,0.0
1,0.0
1,0.0
0,0.0
1,0.199
1,0.0
1,0.0
1,0.0
1,0.0
1,0.432
1,0.0
1,0.0
1,0.0
1,0.0
1,0.0
1,0.0
0,0.443
1,0.251
0,0.0
0,0.0
0,0.0
0,0.0
1,0.0
1,0.0
0,0.207
1,0.0
1,0.0
1,0.304
1,0.4
1,0.0
0,0.0
1,0.32
0,0.0
0,0.0
1,0.35
1,0.354
0,0.0
1,0.0
1,0.0
1,0.0
0,0.0
0,0.0
1,0.0
1,0.0
1,0.0
0,0.0
1,0.0
0,0.0
0,0.0
1,0.0
0,0.0
1,0.0
1,0.0
0,0.0
0,0.0
1,0.0
1,0.0
1,0.0
0,0.0
1,0.0
1,0.0
0,0.0
1,0.385
1,0.0
1,0.0
1,0.0
1,0.0
1,0.0
1,0.0
1,0.0
0,0.0
0,0.0
1,0.0
1,0.301
1,0.0
1,0.269
1,0.0
0,0.347
0,0.0
0,0.0
1,0.0
0,0.0
1,0.0
0,0.0
1,0.0
0,0.0
1,0.364
1,0.0
1,0.0
0,0.0
1,0.0
1,0.0
1,0.0
1,0.0
1,0.0
1,0.0
1,0.0
1,0.0
1,0.0
1,0.0
1,0.0
0,0.0
1,0.439
1,0.0
1,0.0
1,0.0
0,0.0
1,0.0
1,0.0
1,0.0
0,0.0
1,0.293
0,0.353
0,0.0
1,0.197
0,0.0
1,0.369
1,0.0
1,0.0
0,0.0
1,0.0
1,0.0
1,0.0
1,0.46
1,0.0
1,0.0
0,0.0
0,0.0
1,0.387
1,0.0
0,0.0
0,0.0
1,0.0
1,0.0
0,0.0
0,0.388
0,0.261
0,0.0
0,0.0
1,0.0
0,0.0
0,0.0
1,0.0
1,0.0
0,0.0
1,0.318
0,0.453
0,0.0
1,0.0
1,0.0
0,0.0
1,0.0
0,0.0
1,0.34
1,0.0
0,0.0
0,0.0
0,0.0
1,0.0
1,0.0
0,0.489
1,0.0
0,0.0
0,0.0
1,0.203
0,0.0
1,0.0
1,0.0
0,0.0
1,0.0
0,0.0
1,0.0
1,0.0
0,0.0
0,0.0
1,0.0
1,0.0
1,0.0
1,0.0
0,0.0
0,0.0
1,0.0
1,0.0
0,0.0
1,0.0
1,0.0
0,0.0
1,0.0
0,0.0
0,0.271
0,0.0
1,0.0
1,0.399
1,0.0
0,0.0
0,0.0
1,0.0
1,0.0
0,0.0
1,0.0
1,0.0
1,0.0
1,0.0
1,0.0
1,0.0
1,0.0
1,0.0
0,0.0
1,0.0
1,0.0
1,0.0
1,0.0
1,0.337
1,0.0
0,0.0
1,0.0
1,0.0
0,0.0
0,0.0
0,0.0
1,0.0
1,0.0
1,0.0
1,0.0
0,0.0
1,0.269
0,0.362
1,0.0
0,0.0
1,0.287
1,0.402
1,0.0
1,0.0
0,0.293
0,0.0
1,0.0
1,0.218
0,0.0
1,0.0
0,0.0
1,0.271
0,0.172
1,0.0
0,0.0
0,0.0
1,0.0
1,0.454
1,0.0
1,0.0
1,0.0
1,0.0
1,0.0
1,0.0
1,0.0
0,0.0
1,0.38
1,0.0
0,0.0
0,0.0
0,0.41
0,0.0
1,0.0
0,0.0
1,0.0
1,0.0
1,0.0
0,0.0
1,0.0
1,0.0
1,0.0
1,0.0
0,0.0
0,0.0
1,0.0
1,0.0
1,0.0
1,0.0
1,0.0
0,0.0
0,0.0
0,0.0
1,0.0
1,0.0
1,0.0
1,0.341
1,0.312
0,0.0
1,0.0
1,0.0
1,0.0
1,0.345
1,0.0
1,0.0
1,0.0
1,0.0
1,0.0
1,0.0
1,0.0
0,0.0
1,0.0
1,0.0
0,0.0
1,0.0
1,0.354
1,0.0
1,0.0
1,0.0
1,0.0
1,0.0
1,0.0
0,0.0
0,0.0
1,0.0
1,0.0
1,0.0
0,0.0
1,0.0
0,0.0
1,0.0
1,0.226
0,0.0
0,0.0
0,0.0
1,0.0
1,0.0
0,0.0
0,0.0
1,0.0
0,0.245
1,0.0
1,0.0
1,0.0
1,0.0
1,0.0
0,0.0
0,0.0
1,0.0
0,0.0
0,0.0
0,0.0
1,0.0
0,0.0
1,0.0
1,0.0
1,0.0
0,0.221
0,0.0
0,0.0
0,0.0
0,0.0
1,0.0
0,0.0
1,0.0
1,0.0
1,0.0
0,0.0
1,0.0
1,0.0
0,0.0
0,0.0
0,0.0
0,0.0
1,0.0
1,0.0
0,0.352
1,0.0
1,0.0
1,0.0
0,0.0
1,0.386
1,0.0
1,0.0
1,0.0
1,0.0
0,0.0
1,0.0
0,0.0
1,0.0
0,0.043
0,0.402
1,0.0
1,0.0
1,0.0
1,0.0
1,0.356
0,0.0
0,0.0
1,0.0
1,0.0
1,0.0
1,0.0
1,0.0
0,0.0
0,0.0
1,0.0
0,0.0
1,0.374
0,0.0
1,0.0
0,0.0
1,0.0
1,0.0
0,0.0
0,0.218
1,0.0
1,0.0
1,0.0
1,0.0
1,0.0
0,0.0
0,0.0
0,0.0
1,0.232
1,0.0
1,0.0
1,0.0
1,0.0
0,0.0
1,0.0
1,0.0
1,0.0
1,0.285
1,0.0
0,0.0
1,0.0
0,0.0
1,0.0
0,0.0
0,0.0
1,0.0
1,0.0
0,0.0
1,0.0
0,0.0
1,0.438
1,0.0
1,0.277
1,0.0
1,0.0
1,0.0
1,0.0
0,0.0
1,0.0
1,0.0
1,0.0
0,0.0
1,0.0
1,0.0
1,0.0
1,0.0
1,0.0
0,0.0
1,0.0
0,0.0
0,0.0
1,0.0
0,0.0
1,0.0
0,0.0
1,0.0
1,0.0
0,0.0
0,0.0
0,0.0
0,0.0
1,0.0
0,0.262
0,0.0
1,0.0
1,0.0
0,0.0
0,0.0
1,0.0
1,0.0
0,0.0
1,0.0
1,0.0
0,0.0
1,0.0
1,0.0
0,0.0
0,0.0
1,0.0
1,0.0
0,0.0
0,0.233
0,0.0
0,0.0
0,0.0
1,0.0
1,0.0
1,0.0
1,0.236
1,0.0
0,0.0
0,0.0
0,0.0
0,0.0
1,0.0
1,0.402
1,0.0
0,0.0
1,0.0
1,0.394
1,0.0
1,0.0
1,0.401
1,0.0
0,0.0
1,0.0
1,0.0
0,0.0
0,0.0
0,0.0
1,0.0
1,0.0
1,0.0
0,0.0
0,0.0
0,0.0
0,0.0
0,0.0
0,0.0
0,0.0
0,0.0
1,0.0
1,0.0
1,0.35
0,0.0
0,0.0
1,0.0
1,0.0
1,0.0
0,0.377
0,0.0
1,0.302
1,0.0
1,0.0
0,0.0
0,0.0
1,0.0
1,0.0
1,0.313
0,0.0
0,0.0
1,0.0
1,0.0
0,0.0
1,0.393
1,0.0
0,0.0
1,0.0
0,0.365
0,0.0
0,0.0
1,0.0
0,0.0
1,0.0
0,0.0
0,0.0
1,0.0
1,0.0
1,0.0
1,0.0
0,0.0
1,0.0
0,0.0
1,0.0
1,0.0
1,0.0
0,0.0
0,0.0
1,0.0
0,0.0
1,0.0
0,0.467
1,0.0
0,0.0
0,0.0
0,0.0
1,0.0
1,0.0
1,0.399
0,0.0
0,0.0
1,0.0
1,0.0
1,0.328
0,0.0
1,0.0
0,0.0
1,0.0
0,0.0
1,0.0
1,0.0
1,0.0
1,0.0
0,0.0
1,0.0
1,0.0
1,0.0
0,0.0
1,0.0
1,0.0
0,0.0
0,0.0
1,0.0
1,0.0
1,0.0
1,0.0
0,0.354
1,0.0
1,0.0
1,0.0
0,0.0
0,0.0
0,0.0
0,0.0
1,0.0
1,0.0
1,0.0
1,0.0
1,0.0
0,0.0
1,0.0
1,0.45
0,0.0
1,0.292
1,0.0
1,0.0
0,0.3
0,0.0
0,0.0
0,0.0
0,0.0
0,0.0
0,0.0
1,0.0
0,0.0
1,0.0
1,0.0
0,0.474
1,0.0
1,0.0
1,0.0
1,0.0
0,0.0
1,0.0
0,0.0
0,0.0
1,0.0
0,0.191
0,0.0
1,0.513
1,0.418
1,0.0
0,0.0
1,0.388
1,0.0
0,0.0
1,0.0
0,0.0
0,0.0
1,0.0
1,0.342
0,0.0
0,0.0
0,0.0
1,0.375
1,0.0
1,0.364
1,0.0
0,0.0
0,0.383
1,0.0
1,0.0
0,0.0
1,0.0
1,0.0
1,0.0
0,0.425
1,0.368
0,0.391
0,0.221
0,0.0
0,0.0
0,0.0
1,0.235
1,0.0
0,0.0
1,0.0
1,0.0
1,0.0
1,0.0
1,0.0
1,0.0
0,0.0
1,0.0
1,0.0
1,0.0
1,0.0
1,0.0
1,0.0
1,0.0
1,0.0
1,0.0
1,0.0
1,0.0
1,0.0
1,0.0
0,0.0
1,0.0
1,0.0
1,0.245
1,0.0
0,0.34
0,0.0
1,0.0
0,0.259
0,0.0
1,0.346
0,0.0
0,0.0
1,0.0
0,0.0
0,0.0
0,0.0
0,0.0
1,0.0
0,0.33
1,0.0
1,0.0
1,0.0
1,0.0
1,0.0
1,0.35
1,0.0
1,0.0
1,0.0
1,0.0
1,0.0
0,0.0
0,0.0
1,0.0
0,0.0
0,0.0
1,0.0
1,0.0
1,0.0
1,0.0
1,0.0
1,0.0
1,0.0
1,0.0
1,0.0
0,0.0
1,0.0
1,0.0
1,0.0
1,0.0
1,0.341
1,0.344
1,0.0
1,0.0
1,0.0
1,0.0
0,0.0
1,0.0
1,0.0
1,0.0
1,0.0
0,0.216
1,0.0
0,0.0
0,0.0
0,0.263
0,0.0
1,0.0
1,0.0
0,0.0
1,0.389
0,0.237
1,0.0
1,0.0
1,0.0
1,0.0
0,0.413
1,0.0
0,0.0
1,0.0
0,0.289
1,0.0
1,0.284
0,0.0
0,0.0
1,0.0
0,0.401
1,0.0
1,0.0
0,0.0
0,0.0
1,0.0
1,0.0
1,0.0
1,0.0
1,0.0
1,0.0
1,0.343
1,0.0
1,0.0
1,0.0
1,0.0
0,0.0
0,0.0
0,0.0
1,0.0
1,0.0
0,0.0
1,0.0
1,0.0
1,0.0
1,0.424
0,0.0
1,0.0
0,0.238
1,0.0
1,0.0
1,0.0
1,0.0
1,0.0
1,0.42
1,0.333
0,0.0
1,0.0
1,0.0
1,0.0
0,0.0
1,0.0
0,0.0
0,0.0
1,0.0
1,0.0
1,0.0
1,0.0
0,0.0
1,0.0
1,0.0
1,0.0
1,0.0
0,0.0
1,0.0
1,0.0
1,0.0
1,0.0
1,0.344
0,0.0
0,0.0
0,0.0
1,0.0
1,0.0
1,0.0
0,0.0
1,0.0
1,0.0
1,0.358
0,0.0
1,0.0
0,0.0
0,0.0
1,0.0
1,0.0
0,0.0
0,0.0
0,0.0
0,0.0
1,0.318
1,0.0
1,0.0
1,0.0
0,0.0
1,0.0
0,0.387
1,0.0
1,0.0
1,0.0
0,0.0
1,0.0
0,0.0
0,0.0
1,0.0
0,0.0
1,0.0
1,0.0
1,0.0
1,0.0
1,0.0
0,0.0
1,0.0
1,0.0
0,0.0
0,0.0
0,0.341
1,0.0
1,0.0
1,0.0
1,0.0
0,0.0
1,0.256
1,0.0
0,0.0
1,0.0
1,0.0
0,0.0
0,0.0
0,0.0
1,0.0
0,0.0
0,0.0
1,0.0
0,0.0
1,0.0
1,0.0
1,0.0
1,0.0
1,0.0
0,0.174
0,0.0
0,0.0
1,0.0
1,0.0
1,0.0
1,0.0
1,0.0
1,0.0
0,0.0
1,0.0
1,0.377
1,0.0
0,0.356
0,0.512
1,0.0
0,0.471
1,0.0
1,0.0
1,0.0
1,0.0
1,0.0
0,0.0
0,0.128
0,0.0
1,0.0
1,0.0
0,0.0
1,0.0
0,0.0
0,0.0
0,0.0
0,0.0
0,0.0
1,0.0
1,0.0
1,0.0
0,0.0
1,0.0
1,0.0
1,0.423
1,0.0
0,0.0
0,0.0
1,0.0
0,0.0
1,0.0
0,0.0
1,0.0
1,0.0
1,0.0
1,0.0
1,0.0
1,0.0
1,0.0
1,0.0
1,0.0
1,0.407
1,0.414
1,0.0
0,0.0
0,0.0
0,0.0
1,0.0
1,0.0
1,0.427
1,0.0
1,0.0
1,0.0
0,0.0
0,0.0
1,0.0
1,0.0
0,0.0
1,0.4
0,0.0
1,0.0
0,0.0
1,0.0
1,0.0
0,0.287
0,0.343
1,0.0
0,0.0
0,0.0
1,0.344
0,0.0
1,0.0
1,0.0
1,0.0
0,0.0
1,0.0
0,0.441
1,0.0
1,0.0
1,0.0
1,0.0
1,0.0
0,0.0
1,0.0
0,0.0
1,0.0
1,0.0
0,0.422
1,0.0
1,0.0
1,0.0
0,0.0
0,0.0
0,0.0
1,0.0
1,0.0
1,0.0
0,0.313
0,0.0
1,0.0
1,0.0
1,0.476
0,0.0
1,0.387
1,0.434
0,0.0
0,0.0
1,0.0
1,0.0
0,0.0
0,0.0
0,0.0
1,0.0
0,0.0
0,0.0
1,0.0
0,0.152
1,0.0
1,0.0
0,0.468
1,0.0
1,0.0
1,0.0
0,0.0
1,0.0
1,0.0
1,0.0
0,0.0
1,0.327
0,0.0
1,0.528
1,0.0
1,0.0
1,0.0
1,0.0
0,0.0
1,0.0
0,0.0
0,0.0
0,0.0
0,0.0
0,0.0
1,0.0
1,0.0
0,0.0
0,0.0
1,0.0
1,0.0
0,0.0
1,0.0
1,0.0
1,0.0
1,0.0
1,0.0
1,0.0
0,0.0
0,0.0
1,0.0
1,0.382
1,0.361
0,0.0
0,0.0
1,0.0
0,0.0
1,0.0
1,0.0
1,0.22
0,0.0
0,0.0
1,0.0
0,0.0
1,0.0
1,0.0
0,0.0
0,0.0
1,0.0
0,0.428
1,0.393
1,0.324
0,0.0
1,0.0
0,0.0
1,0.0
1,0.0
1,0.0
0,0.0
1,0.0
1,0.0
1,0.0
0,0.0
1,0.517
0,0.0
1,0.0
0,0.0
1,0.0
1,0.0
1,0.0
1,0.0
0,0.0
1,0.0
1,0.0
1,0.0
1,0.0
0,0.0
1,0.0
1,0.0
1,0.0
0,0.0
1,0.495
0,0.0
1,0.0
1,0.0
0,0.0
1,0.0
1,0.0
0,0.0
1,0.0
1,0.0
1,0.0
1,0.0
1,0.0
1,0.0
0,0.0
1,0.0
0,0.0
1,0.0
1,0.0
1,0.0
1,0.0
1,0.0
1,0.0
1,0.0
0,0.0
1,0.0
1,0.0
0,0.0
1,0.0
1,0.0
0,0.0
1,0.0
1,0.0
0,0.353
1,0.0
0,0.0
1,0.0
0,0.0
0,0.0
1,0.0
1,0.0
0,0.0
1,0.0
0,0.0
1,0.0
0,0.0
1,0.152
1,0.0
1,0.0
1,0.427
1,0.0
1,0.0
1,0.0
1,0.0
1,0.0
1,0.0
1,0.0
1,0.0
1,0.238
1,0.0
0,0.0
0,0.0
1,0.0
0,0.0
1,0.0
1,0.0
0,0.0
1,0.0
1,0.0
1,0.0
0,0.0
1,0.0
1,0.337
0,0.0
0,0.0
1,0.0
1,0.0
1,0.385
1,0.0
1,0.0
0,0.0
1,0.0
0,0.0
1,0.0
0,0.0
1,0.0
0,0.0
0,0.281
0,0.0
1,0.0
0,0.0
0,0.0
1,0.0
0,0.0
1,0.0
1,0.0
1,0.0
1,0.329
0,0.0
1,0.0
1,0.0
1,0.0
1,0.0
0,0.0
1,0.0
0,0.0
1,0.0
1,0.0
0,0.0
1,0.0
1,0.0
1,0.0
1,0.0
0,0.0
1,0.0
1,0.0
1,0.0
1,0.0
1,0.0
0,0.0
1,0.0
1,0.0
0,0.0
0,0.0
0,0.0
0,0.0
0,0.0
0,0.0
0,0.487
1,0.0
1,0.378
1,0.257
0,0.0
1,0.412
1,0.0
1,0.0
0,0.0
1,0.0
1,0.4
0,0.0
1,0.0
0,0.277
1,0.0
0,0.0
0,0.0
1,0.0
1,0.0
0,0.0
0,0.0
1,0.0
1,0.0
1,0.0
1,0.0
1,0.321
1,0.0
1,0.0
1,0.0
1,0.35
0,0.0
0,0.0
0,0.0
0,0.297
1,0.367
1,0.0
1,0.0
1,0.0
0,0.0
1,0.0
1,0.0
0,0.0
0,0.219
1,0.0
1,0.0
1,0.0
1,0.0
1,0.0
1,0.0
0,0.0
1,0.0
0,0.272
1,0.0
1,0.0
1,0.0
1,0.0
1,0.0
1,0.374
1,0.322
1,0.0
1,0.0
1,0.0
1,0.418
0,0.0
1,0.0
1,0.0
0,0.0
0,0.0
